Substitution,M_abscessus_environmental,M_tuberculosis_lineage1,M_tuberculosis_lineage2,M_tuberculosis_lineage3,M_tuberculosis_lineage4,M_tuberculosis_lineage5,M_tuberculosis_lineage6,M_tuberculosis_lineage7,M_canettii,M_avium,M_intracellulare,M_chimaera,M_kansasii_non_MKMC,B_cenocepacia_ECs,B_pseudomallei_group1,B_pseudomallei_group2,B_pseudomallei_group3,B_pseudomallei_group4,B_pseudomallei_group5
A[C>A]A,1860,1020,288,198,696,221,103,64,205,2236,1413,66,384,27,42,510,159,510,593
A[C>A]C,1583,1140,305,259,696,243,103,33,191,1211,1011,50,256,19,103,1384,369,707,883
A[C>A]G,2151,1564,475,376,925,280,155,51,296,1828,1350,54,290,14,99,573,85,263,403
A[C>A]T,1428,978,246,207,714,224,73,33,281,1198,994,54,217,37,41,1194,122,434,570
C[C>A]A,2691,641,180,120,525,137,69,28,281,2519,1970,50,361,30,143,1676,365,995,1260
C[C>A]C,3038,834,271,211,752,166,102,42,303,2338,1656,47,234,5,180,2731,792,1734,1789
C[C>A]G,4241,1652,320,287,760,252,116,57,318,2486,2088,47,328,20,216,770,221,398,494
C[C>A]T,2956,1063,179,227,447,142,96,29,333,2003,1536,35,345,3,196,1420,246,751,782
G[C>A]A,2225,893,362,211,743,240,73,34,313,2310,1744,55,282,12,105,516,153,272,414
G[C>A]C,1987,672,281,190,628,210,81,41,220,1811,1307,35,177,14,130,897,232,442,560
G[C>A]G,2972,1168,427,277,941,292,121,56,324,2071,1504,44,265,18,134,444,99,251,257
G[C>A]T,1647,674,227,161,442,180,86,34,247,1499,1096,30,228,8,121,571,109,313,256
T[C>A]A,1756,664,244,165,522,189,57,19,190,1335,1032,22,224,17,41,377,65,236,224
T[C>A]C,1676,657,256,174,554,154,59,26,187,1036,796,52,193,17,88,1314,229,610,545
T[C>A]G,1863,1045,236,209,529,176,58,31,212,977,812,36,183,10,49,348,58,175,127
T[C>A]T,1526,908,297,204,506,197,71,48,253,1180,1168,30,291,24,98,710,106,286,188
A[C>G]A,3320,478,181,136,542,102,57,12,359,4502,3373,52,384,11,159,811,125,343,418
A[C>G]C,2374,787,379,269,815,173,85,36,296,3358,2338,66,335,21,139,2176,387,816,955
A[C>G]G,3890,525,258,147,603,130,71,9,440,4491,3473,60,442,16,129,714,115,474,523
A[C>G]T,2648,826,365,199,762,216,81,33,433,2387,1609,54,357,31,54,909,149,543,570
C[C>G]A,6305,896,419,301,965,249,64,25,638,9570,7814,145,687,24,387,2184,637,1454,1490
C[C>G]C,5756,1420,500,361,1288,285,56,12,577,9237,7158,140,713,54,576,4465,1218,2506,2531
C[C>G]G,7484,939,414,279,889,225,57,24,755,9518,7948,128,681,32,350,1189,296,612,899
C[C>G]T,4839,1200,465,298,1117,280,57,15,547,6844,5684,104,772,19,353,2360,473,984,1224
G[C>G]A,2938,552,194,194,606,114,37,23,355,3901,3397,52,393,8,58,866,128,494,355
G[C>G]C,3150,722,278,291,710,191,82,17,376,4472,3744,89,423,21,205,1402,338,704,890
G[C>G]G,3250,528,267,234,589,142,58,17,340,4751,3585,61,367,15,120,672,142,312,414
G[C>G]T,2360,692,372,209,693,180,34,37,384,3617,2887,83,422,23,57,973,187,482,396
T[C>G]A,4851,697,276,203,640,161,86,24,488,7011,5346,102,356,9,112,766,77,318,342
T[C>G]C,3444,903,251,203,875,233,46,34,462,4890,3863,93,501,23,182,1701,270,950,1015
T[C>G]G,4513,582,210,199,627,172,44,16,467,6053,4382,86,461,10,102,507,100,239,368
T[C>G]T,3259,868,414,290,1003,213,71,8,419,4820,4493,78,480,19,147,1102,41,335,506
A[C>T]A,15660,5126,1350,1066,3617,1044,493,140,1267,10008,6944,165,1255,65,1379,5432,1070,2983,2524
A[C>T]C,11524,3483,1151,876,2585,743,365,90,932,8191,6133,162,897,98,1663,11789,2497,6312,6783
A[C>T]G,20590,5766,1354,1194,3661,1149,565,130,1720,14185,8889,158,1696,65,1290,4051,827,1990,2239
A[C>T]T,15296,3952,1286,773,2663,767,443,74,1508,14669,11150,148,1556,92,2021,7177,1384,4640,4694
C[C>T]A,12085,4712,1100,1009,2923,1014,545,102,1070,5108,3178,123,854,47,286,12755,2750,7477,7512
C[C>T]C,11327,3526,1216,873,2657,770,269,91,784,6765,3906,126,831,76,902,21911,5357,12770,12253
C[C>T]G,15572,5009,1266,1038,3258,909,411,98,1207,6908,4377,149,949,71,859,6312,1405,3598,3320
C[C>T]T,16724,4402,1166,950,3185,958,392,141,1521,11500,8225,130,1450,109,1407,12481,2745,7143,7212
G[C>T]A,13085,3827,1228,844,2644,727,334,106,1047,7442,4526,164,927,83,572,4416,847,2542,2048
G[C>T]C,11213,3320,1180,879,2654,707,295,100,924,7153,4856,132,787,88,794,6920,1549,3693,3978
G[C>T]G,16401,4457,1429,1005,3085,906,367,133,1622,10509,6961,146,1245,85,906,3790,727,1968,2033
G[C>T]T,15091,3528,1293,786,2828,707,304,112,1696,13242,9677,131,1258,85,1223,5868,1137,3060,3322
T[C>T]A,9562,4166,951,853,2713,799,305,87,968,5386,3722,124,636,78,607,3346,695,2239,1920
T[C>T]C,8953,3003,969,696,2041,615,289,98,875,7052,5081,160,752,102,1208,10305,2405,6058,6833
T[C>T]G,11530,4426,940,827,2647,772,333,80,1180,5946,4035,136,747,81,702,2886,498,1657,1526
T[C>T]T,11282,3338,1157,730,2456,465,262,72,1216,12421,8812,151,1257,66,1274,5994,1045,3413,3389
A[T>A]A,1337,253,156,157,253,31,0,16,506,1640,1733,0,397,10,39,270,212,116,366
A[T>A]C,677,177,93,79,146,38,24,11,142,809,664,33,130,8,69,223,36,118,190
A[T>A]G,938,133,54,25,99,34,15,0,143,544,701,31,127,21,110,314,50,149,314
A[T>A]T,738,212,120,40,91,70,10,0,192,1527,1043,54,288,11,64,245,106,277,128
C[T>A]A,1988,447,215,84,266,109,12,12,303,711,754,71,286,0,90,1232,291,761,627
C[T>A]C,999,303,115,62,263,62,18,0,281,922,889,27,209,17,54,369,88,177,335
C[T>A]G,1171,202,74,65,188,56,12,3,194,608,515,36,161,25,95,340,120,261,228
C[T>A]T,1059,333,135,74,293,41,21,14,245,952,883,37,286,10,57,457,70,229,171
G[T>A]A,1299,165,77,52,148,0,9,9,340,1441,1044,45,192,5,115,517,80,391,379
G[T>A]C,910,127,58,25,147,39,6,3,97,888,813,18,146,21,64,564,118,201,134
G[T>A]G,941,88,37,20,105,20,11,6,137,646,726,22,85,10,43,390,90,390,309
G[T>A]T,734,173,70,28,164,37,14,5,70,1203,957,47,179,3,82,503,138,233,346
T[T>A]A,1240,369,130,131,424,184,27,27,503,859,1404,91,264,0,42,797,84,503,1300
T[T>A]C,850,182,73,34,133,10,10,5,133,782,604,24,154,14,28,241,91,75,202
T[T>A]G,884,255,86,36,160,45,23,19,155,366,392,17,71,23,30,523,157,149,239
T[T>A]T,645,403,86,32,403,43,0,33,262,964,943,47,215,6,55,405,88,274,252
A[T>C]A,33437,2433,970,613,2420,440,285,32,2911,25793,19219,176,2395,49,2487,8809,1484,4935,6612
A[T>C]C,13047,2280,1066,413,1546,467,126,60,1120,11177,8644,111,1035,51,733,4561,766,2102,3297
A[T>C]G,28334,4020,1074,634,2348,655,253,131,2635,20816,17117,261,1990,51,2629,6965,1179,3383,4921
A[T>C]T,21355,1716,749,391,1213,321,162,72,2103,19581,15218,179,1497,51,1107,5556,1511,3150,4119
C[T>C]A,32131,1415,634,469,1284,301,146,62,3779,13879,10851,435,2491,69,806,28644,5823,14691,19350
C[T>C]C,11636,1211,824,239,1048,192,121,18,1177,7710,5549,100,874,19,519,10784,1800,6025,7537
C[T>C]G,21284,1640,844,400,1593,390,174,43,2204,9391,7938,227,1547,75,1751,11372,2241,5956,7658
C[T>C]T,20714,1333,842,264,995,360,34,104,2024,15958,13360,167,1652,35,1321,9584,2699,5697,7488
G[T>C]A,31532,2355,1556,804,2646,546,315,98,3151,17492,12860,195,2051,62,1769,14612,2688,6203,9098
G[T>C]C,16949,1907,1088,586,2097,461,150,113,1466,11753,8843,199,1322,89,1409,9443,1708,4848,6425
G[T>C]G,29134,2709,1451,955,2992,648,249,152,2776,19764,16390,320,2136,105,3419,12689,2488,6683,8472
G[T>C]T,22562,2154,1001,637,2131,475,212,63,2089,23468,17192,241,1790,85,2320,10455,2747,5130,7475
T[T>C]A,42491,2269,884,759,1959,525,106,54,4474,21520,20794,304,2820,175,2936,20550,5452,14972,14050
T[T>C]C,9379,981,543,304,1033,207,109,50,815,7774,6435,126,698,36,688,6159,1887,3157,4237
T[T>C]G,22035,1974,894,612,1662,418,133,80,1996,12253,11442,240,1363,43,2518,12186,2682,6187,7068
T[T>C]T,18997,871,540,227,1112,249,77,22,1548,17188,16143,141,1280,18,1589,7176,2837,4119,5368
A[T>G]A,2293,221,141,110,301,110,0,32,380,2505,2400,18,362,0,173,1137,96,482,270
A[T>G]C,1494,541,236,148,544,142,52,53,305,1632,1346,46,171,7,115,557,121,350,321
A[T>G]G,2285,380,181,118,430,74,40,50,351,1737,1641,35,275,8,149,794,121,441,557
A[T>G]T,1389,343,160,70,465,120,41,31,243,1625,1194,54,295,0,21,766,224,415,490
C[T>G]A,7095,1475,718,337,1235,350,24,49,1030,4152,5028,129,1133,0,336,3830,963,1904,1836
C[T>G]C,5841,1456,732,559,1806,347,85,142,856,5226,4465,109,640,22,404,1670,308,692,846
C[T>G]G,5062,1322,752,510,1450,265,66,58,786,3223,3283,49,445,27,436,1585,419,880,1042
C[T>G]T,3311,1837,815,542,2017,251,89,97,559,4006,3582,151,524,31,400,1410,330,807,1137
G[T>G]A,2042,374,310,138,618,87,53,71,270,1743,1819,52,229,10,115,1562,253,862,1172
G[T>G]C,3348,837,641,281,1170,304,84,79,398,2970,2264,57,314,39,312,1409,255,806,701
G[T>G]G,2792,780,474,210,1077,222,52,67,262,2021,2063,44,220,25,210,2012,399,1137,1150
G[T>G]T,2251,771,561,209,956,251,85,63,389,2584,1727,62,317,9,82,1257,428,629,1182
T[T>G]A,6225,501,182,157,477,210,53,54,1430,5957,5969,152,749,22,84,2307,461,1342,2223
T[T>G]C,2901,523,274,172,637,133,55,171,534,3070,2606,66,375,18,206,957,229,328,562
T[T>G]G,3575,533,339,154,621,173,41,33,393,3128,3087,50,425,0,164,2234,418,1143,1420
T[T>G]T,2762,338,378,130,480,76,55,78,425,3811,2748,85,469,12,110,1117,460,427,646