Mutation_in_alignment,Mutation_in_genome,Substitution,Branch
C378T,C393043T,C[C>T]G,NODE_0000001
C489T,C509178T,T[C>T]G,NODE_0000001
C502A,C509851A,G[C>A]C,NODE_0000001
C1471T,C1937233T,C[C>T]G,NODE_0000001
C1630G,C2175587G,C[C>G]A,NODE_0000001
C2012T,C2775050T,T[C>T]C,NODE_0000001
C2114T,C2936401T,A[C>T]A,NODE_0000001
C2T,C451T,C[C>T]G,SRR847062
C34T,C12499T,A[C>T]T,SRR847062
C69T,C18544T,G[C>T]G,SRR847062
C77T,C20621T,C[C>T]G,SRR847062
C102T,C30911T,A[C>T]C,SRR847062
C116T,C45216T,C[C>T]A,SRR847062
C165T,C93969T,G[C>T]A,SRR847062
C222T,C164770T,C[C>T]G,SRR847062
C244A,C199244A,A[C>A]A,SRR847062
C255T,C222056T,G[C>T]C,SRR847062
C305G,C289884G,A[C>G]C,SRR847062
C309T,C296853T,A[C>T]C,SRR847062
C321T,C310911T,T[C>T]A,SRR847062
T361G,T365117G,G[T>G]G,SRR847062
C379G,C393308G,C[C>G]G,SRR847062
C387T,C405173T,G[C>T]C,SRR847062
C460T,C496266T,G[C>T]G,SRR847062
C487T,C509030T,A[C>T]G,SRR847062
C527T,C531961T,G[C>T]A,SRR847062
C542A,C553273A,C[C>A]G,SRR847062
C591T,C608365T,C[C>T]T,SRR847062
C599T,C624129T,T[C>T]G,SRR847062
C631G,C659431G,T[C>G]A,SRR847062
C747T,C836098T,C[C>T]C,SRR847062
C770T,C877843T,C[C>T]T,SRR847062
C826T,C985599T,C[C>T]A,SRR847062
T873C,T1089199C,A[T>C]C,SRR847062
C895T,C1132949T,A[C>T]G,SRR847062
C1011T,C1277244T,T[C>T]T,SRR847062
C1075A,C1388412A,T[C>A]G,SRR847062
T1082C,T1402551C,C[T>C]G,SRR847062
C1092T,C1419580T,C[C>T]G,SRR847062
C1177A,C1532344A,C[C>A]T,SRR847062
C1219T,C1587096T,C[C>T]G,SRR847062
C1241T,C1599016T,A[C>T]T,SRR847062
C1257A,C1614647A,G[C>A]C,SRR847062
C1281A,C1646081A,T[C>A]G,SRR847062
T1324C,T1707739C,A[T>C]C,SRR847062
C1357T,C1774061T,C[C>T]G,SRR847062
T1372C,T1797300C,A[T>C]C,SRR847062
C1441T,C1895123T,C[C>T]A,SRR847062
C1460G,C1926909G,T[C>G]G,SRR847062
C1498A,C1989988A,A[C>A]G,SRR847062
T1554C,T2083652C,G[T>C]C,SRR847062
C1610T,C2137189T,T[C>T]A,SRR847062
C1693T,C2274434T,C[C>T]G,SRR847062
T1758C,T2363369C,T[T>C]G,SRR847062
C1769T,C2376085T,T[C>T]G,SRR847062
C1806T,C2429821T,C[C>T]C,SRR847062
T1819G,T2447980G,T[T>G]T,SRR847062
C1845T,C2498455T,T[C>T]T,SRR847062
C1945T,C2649677T,G[C>T]G,SRR847062
C1963T,C2678287T,T[C>T]G,SRR847062
C2023T,C2801445T,T[C>T]G,SRR847062
C2043T,C2825422T,G[C>T]G,SRR847062
C2119T,C2945700T,C[C>T]A,SRR847062
C2174A,C3024082A,A[C>A]C,SRR847062
C2238T,C3104142T,C[C>T]A,SRR847062
C2343T,C3241125T,T[C>T]C,SRR847062
C2370T,C3256240T,G[C>T]C,SRR847062
C2373G,C3256991G,A[C>G]C,SRR847062
C2386T,C3259659T,G[C>T]T,SRR847062
T2395C,T3263442C,A[T>C]T,SRR847062
C2410T,C3268009T,A[C>T]G,SRR847062
C59T,C16320T,A[C>T]C,NODE_0000002
C121T,C48229T,T[C>T]T,NODE_0000002
C145T,C66394T,C[C>T]G,NODE_0000002
T166C,T94052C,T[T>C]A,NODE_0000002
T195C,T128389C,A[T>C]T,NODE_0000002
C234T,C180750T,C[C>T]G,NODE_0000002
C267T,C240490T,C[C>T]T,NODE_0000002
C276G,C254429G,C[C>G]A,NODE_0000002
C298T,C277449T,G[C>T]G,NODE_0000002
T320G,T309516G,T[T>G]A,NODE_0000002
C327T,C328289T,T[C>T]T,NODE_0000002
T367C,T371889C,A[T>C]A,NODE_0000002
C433A,C464985A,G[C>A]A,NODE_0000002
C478A,C508714A,T[C>A]G,NODE_0000002
C487A,C509030A,A[C>A]G,NODE_0000002
C497T,C509425T,T[C>T]G,NODE_0000002
C526T,C531649T,C[C>T]C,NODE_0000002
T551C,T569287C,G[T>C]G,NODE_0000002
C614T,C637185T,A[C>T]C,NODE_0000002
C671T,C718321T,T[C>T]T,NODE_0000002
C806T,C953582T,C[C>T]G,NODE_0000002
C813T,C963339T,T[C>T]A,NODE_0000002
T862C,T1069954C,A[T>C]A,NODE_0000002
C864T,C1073641T,A[C>T]T,NODE_0000002
C1043T,C1341394T,C[C>T]T,NODE_0000002
C1053T,C1350890T,G[C>T]G,NODE_0000002
T1061C,T1368008C,A[T>C]G,NODE_0000002
T1072C,T1381437C,A[T>C]G,NODE_0000002
T1083C,T1403585C,A[T>C]C,NODE_0000002
C1086G,C1407873G,C[C>G]C,NODE_0000002
C1108G,C1443409G,G[C>G]C,NODE_0000002
C1221T,C1587661T,C[C>T]C,NODE_0000002
C1246A,C1601902A,C[C>A]A,NODE_0000002
C1253T,C1610660T,C[C>T]G,NODE_0000002
C1274T,C1638724T,C[C>T]A,NODE_0000002
C1339A,C1732457A,A[C>A]C,NODE_0000002
C1348T,C1752705T,T[C>T]G,NODE_0000002
T1354C,T1762243C,C[T>C]C,NODE_0000002
C1356A,C1768470A,T[C>A]G,NODE_0000002
T1504C,T1999222C,C[T>C]C,NODE_0000002
T1536C,T2047765C,C[T>C]C,NODE_0000002
C1538T,C2049869T,C[C>T]C,NODE_0000002
C1616T,C2154646T,G[C>T]C,NODE_0000002
T1689G,T2269826G,A[T>G]C,NODE_0000002
C1859G,C2518840G,A[C>G]C,NODE_0000002
C1898A,C2561800A,A[C>A]C,NODE_0000002
C1910T,C2574596T,A[C>T]T,NODE_0000002
C1954T,C2662629T,C[C>T]C,NODE_0000002
T2039C,T2820167C,C[T>C]T,NODE_0000002
T2042C,T2822967C,T[T>C]T,NODE_0000002
C2066T,C2867851T,C[C>T]T,NODE_0000002
T2086G,T2899715G,C[T>G]G,NODE_0000002
C2087G,C2900276G,G[C>G]T,NODE_0000002
C2089G,C2902257G,T[C>G]G,NODE_0000002
C2172T,C3022315T,C[C>T]T,NODE_0000002
T2203C,T3057124C,T[T>C]A,NODE_0000002
T2211C,T3071352C,G[T>C]T,NODE_0000002
C2266A,C3148817A,T[C>A]C,NODE_0000002
T2281G,T3176737G,C[T>G]G,NODE_0000002
C2312T,C3215535T,A[C>T]A,NODE_0000002
C2329A,C3232232A,G[C>A]G,NODE_0000002
C2396T,C3263810T,A[C>T]T,NODE_0000002
C2402T,C3265736T,C[C>T]G,NODE_0000002
C302T,C285805T,G[C>T]A,NODE_0000003
C819T,C973057T,G[C>T]G,NODE_0000003
C1597T,C2122352T,G[C>T]T,NODE_0000003
C110T,C40443T,A[C>T]C,SRR6241781
C321T,C310911T,T[C>T]A,SRR6241781
C365T,C366359T,T[C>T]G,SRR6241781
C669T,C712659T,G[C>T]G,SRR6241781
C1084T,C1406715T,G[C>T]C,SRR6241781
C1101G,C1435812G,C[C>G]A,SRR6241781
C1202A,C1565157A,G[C>A]C,SRR6241781
T1234C,T1598566C,C[T>C]G,SRR6241781
C1434A,C1880180A,A[C>A]G,SRR6241781
C1506A,C2003124A,G[C>A]C,SRR6241781
C1775T,C2387115T,G[C>T]G,SRR6241781
C1942A,C2645244A,A[C>A]G,SRR6241781
T2005G,T2745079G,A[T>G]C,SRR6241781
C2030G,C2809785G,G[C>G]C,SRR6241781
C2375T,C3257087T,C[C>T]A,SRR6241781
C998T,C1254754T,G[C>T]T,NODE_0000004
C1640T,C2188747T,A[C>T]G,NODE_0000004
C161T,C90345T,T[C>T]G,SRR6241773
C321T,C310911T,T[C>T]A,SRR6241773
T771C,T878615C,A[T>C]C,SRR6241773
C943T,C1193288T,A[C>T]G,SRR6241773
C973T,C1220100T,G[C>T]C,SRR6241773
C1314T,C1702043T,T[C>T]A,SRR6241773
C1842T,C2498059T,A[C>T]T,SRR6241773
C1959A,C2669071A,G[C>A]A,SRR6241773
C2036T,C2817799T,G[C>T]G,SRR6241773
T2303C,T3209115C,T[T>C]G,SRR6241773
C225G,C169215G,A[C>G]C,SRR6241778
C587A,C602866A,G[C>A]G,SRR6241778
C984A,C1233367A,A[C>A]T,SRR6241778
C1212A,C1577902A,C[C>A]A,SRR6241778
C1799T,C2420126T,C[C>T]G,SRR6241778
C2098A,C2921353A,T[C>A]A,SRR6241778
C123A,C48680A,G[C>A]A,NODE_0000005
C412T,C433003T,G[C>T]A,NODE_0000005
C1487A,C1967497A,G[C>A]T,NODE_0000005
T1510C,T2006018C,G[T>C]C,NODE_0000005
T1908C,T2574108C,T[T>C]T,NODE_0000005
C432T,C464279T,G[C>T]C,NODE_0000006
C462T,C496587T,C[C>T]A,NODE_0000006
C174T,C104584T,C[C>T]G,SRR6241784
C499T,C509587T,A[C>T]A,SRR6241784
C1602T,C2126601T,T[C>T]T,SRR6241784
C1739T,C2331588T,C[C>T]T,SRR6241784
T1796C,T2416769C,G[T>C]T,SRR6241784
C595A,C619726A,T[C>A]G,SRR6241782
C642T,C675497T,A[C>T]G,SRR6241782
C663A,C703548A,G[C>A]A,SRR6241782
C1028G,C1306583G,C[C>G]G,SRR6241782
C1259A,C1617520A,T[C>A]G,SRR6241782
C1389T,C1823107T,C[C>T]C,SRR6241782
C1582T,C2116424T,G[C>T]G,SRR6241782
C1624T,C2167319T,C[C>T]G,SRR6241782
C1885T,C2548300T,G[C>T]T,SRR6241782
T2336C,T3236296C,C[T>C]C,SRR6241782
T2381C,T3258645C,C[T>C]T,SRR6241782
C2387T,C3259775T,G[C>T]A,SRR6241782
T1678C,T2254583C,C[T>C]G,NODE_0000007
C2349A,C3243648A,T[C>A]A,NODE_0000007
T35C,T12975C,T[T>C]C,SRR6241768
C136T,C61244T,G[C>T]T,SRR6241768
C380T,C397132T,G[C>T]G,SRR6241768
T538A,T544468A,G[T>A]G,SRR6241768
C1062T,C1368593T,A[C>T]C,SRR6241768
C1642T,C2200103T,C[C>T]C,SRR6241768
C1774A,C2386469A,T[C>A]A,SRR6241768
C2123T,C2956317T,A[C>T]C,SRR6241768
C2157T,C3008043T,G[C>T]A,SRR6241768
C2228A,C3097168A,A[C>A]G,SRR6241768
C236G,C183139G,G[C>G]A,SRR6241755
C249T,C213347T,C[C>T]G,SRR6241755
C311T,C296859T,C[C>T]C,SRR6241755
C470T,C504115T,G[C>T]C,SRR6241755
C644T,C675659T,G[C>T]C,SRR6241755
C839T,C1011769T,G[C>T]G,SRR6241755
C1236T,C1598908T,G[C>T]C,SRR6241755
C1990T,C2727296T,G[C>T]C,SRR6241755
C1991A,C2727651A,T[C>A]T,SRR6241755
C2082G,C2895502G,C[C>G]C,SRR6241755
T2096C,T2914614C,T[T>C]A,SRR6241755
C111T,C40626T,A[C>T]A,NODE_0000009
C152T,C74875T,C[C>T]C,NODE_0000009
T153C,T74913C,A[T>C]C,NODE_0000009
C158T,C86753T,G[C>T]T,NODE_0000009
C183T,C115436T,G[C>T]A,NODE_0000009
C191T,C122793T,C[C>T]C,NODE_0000009
C199T,C134307T,T[C>T]G,NODE_0000009
C203T,C139299T,C[C>T]A,NODE_0000009
C207A,C146619A,T[C>A]A,NODE_0000009
C219T,C161749T,C[C>T]G,NODE_0000009
C238T,C191863T,A[C>T]G,NODE_0000009
C279A,C257492A,G[C>A]A,NODE_0000009
C281T,C259858T,A[C>T]C,NODE_0000009
C282T,C259867T,C[C>T]C,NODE_0000009
C301T,C283276T,G[C>T]A,NODE_0000009
C309T,C296853T,A[C>T]C,NODE_0000009
C337T,C337889T,G[C>T]A,NODE_0000009
C349T,C348055T,G[C>T]C,NODE_0000009
C407T,C430057T,G[C>T]A,NODE_0000009
C434T,C465016T,A[C>T]G,NODE_0000009
C466T,C502632T,T[C>T]A,NODE_0000009
C490T,C509265T,A[C>T]C,NODE_0000009
C511T,C519742T,C[C>T]A,NODE_0000009
C515T,C523366T,A[C>T]C,NODE_0000009
C516T,C523454T,A[C>T]C,NODE_0000009
C520T,C527530T,G[C>T]G,NODE_0000009
C555T,C572851T,A[C>T]G,NODE_0000009
C556T,C573967T,T[C>T]G,NODE_0000009
C573T,C587008T,C[C>T]G,NODE_0000009
C635T,C663280T,G[C>T]A,NODE_0000009
C658T,C693575T,C[C>T]A,NODE_0000009
C662T,C703258T,G[C>T]C,NODE_0000009
C678G,C729183G,G[C>G]G,NODE_0000009
C713T,C779168T,T[C>T]A,NODE_0000009
C745T,C832480T,A[C>T]A,NODE_0000009
C752T,C840961T,C[C>T]G,NODE_0000009
C801T,C939377T,C[C>T]A,NODE_0000009
C957T,C1206053T,C[C>T]G,NODE_0000009
C972T,C1219290T,C[C>T]C,NODE_0000009
C981T,C1229074T,G[C>T]A,NODE_0000009
T1088C,T1408057C,C[T>C]C,NODE_0000009
T1089C,T1408107C,A[T>C]G,NODE_0000009
C1120T,C1459453T,G[C>T]A,NODE_0000009
C1146T,C1504691T,G[C>T]C,NODE_0000009
C1152T,C1512744T,T[C>T]A,NODE_0000009
C1211T,C1577024T,C[C>T]A,NODE_0000009
C1237T,C1598960T,T[C>T]G,NODE_0000009
T1283C,T1648026C,C[T>C]C,NODE_0000009
T1310C,T1691767C,G[T>C]G,NODE_0000009
C1329T,C1722731T,G[C>T]C,NODE_0000009
C1351T,C1755233T,T[C>T]G,NODE_0000009
C1360T,C1776235T,G[C>T]G,NODE_0000009
C1369T,C1792967T,G[C>T]C,NODE_0000009
C1400T,C1826759T,C[C>T]A,NODE_0000009
C1416T,C1844160T,T[C>T]C,NODE_0000009
C1423T,C1861120T,G[C>T]C,NODE_0000009
C1448T,C1903673T,A[C>T]C,NODE_0000009
C1464T,C1930080T,G[C>T]A,NODE_0000009
C1509T,C2005374T,C[C>T]A,NODE_0000009
C1524T,C2029217T,G[C>T]A,NODE_0000009
C1545T,C2063944T,A[C>T]A,NODE_0000009
C1560T,C2093618T,C[C>T]A,NODE_0000009
C1593T,C2121305T,T[C>T]A,NODE_0000009
C1653T,C2212536T,C[C>T]A,NODE_0000009
C1660T,C2219070T,G[C>T]A,NODE_0000009
C1666T,C2230820T,T[C>T]G,NODE_0000009
C1688T,C2269824T,C[C>T]A,NODE_0000009
C1695T,C2275439T,T[C>T]G,NODE_0000009
C1702T,C2276655T,T[C>T]C,NODE_0000009
T1713C,T2301042C,A[T>C]C,NODE_0000009
T1718C,T2309287C,C[T>C]C,NODE_0000009
T1719C,T2309296C,A[T>C]C,NODE_0000009
C1725T,C2317622T,C[C>T]A,NODE_0000009
C1764T,C2370912T,G[C>T]C,NODE_0000009
C1786T,C2403643T,G[C>T]A,NODE_0000009
C1798T,C2419201T,C[C>T]C,NODE_0000009
C1836T,C2488887T,G[C>T]A,NODE_0000009
C1883T,C2546170T,G[C>T]C,NODE_0000009
C1888T,C2552116T,T[C>T]T,NODE_0000009
C1901T,C2565615T,A[C>T]A,NODE_0000009
C1912T,C2576853T,C[C>T]A,NODE_0000009
C1953T,C2661084T,T[C>T]G,NODE_0000009
C2003T,C2740652T,C[C>T]G,NODE_0000009
C2015T,C2776147T,G[C>T]A,NODE_0000009
C2046T,C2828697T,A[C>T]C,NODE_0000009
T2058C,T2856500C,G[T>C]C,NODE_0000009
C2187T,C3037783T,G[C>T]A,NODE_0000009
C2236T,C3103147T,T[C>T]C,NODE_0000009
C2239T,C3104486T,G[C>T]A,NODE_0000009
C2277T,C3166984T,G[C>T]A,NODE_0000009
C2340T,C3238891T,C[C>T]A,NODE_0000009
C2352T,C3244445T,G[C>T]G,NODE_0000009
C2383A,C3258858A,T[C>A]A,NODE_0000009
C336T,C336266T,C[C>T]G,NODE_0000010
C417T,C436217T,A[C>T]G,NODE_0000010
C546G,C563796G,A[C>G]G,NODE_0000010
C694A,C751982A,G[C>A]C,NODE_0000010
C814G,C966690G,A[C>G]G,NODE_0000010
C874T,C1089560T,C[C>T]G,NODE_0000010
C921T,C1161063T,G[C>T]A,NODE_0000010
C1004T,C1262010T,G[C>T]T,NODE_0000010
C1172T,C1530718T,T[C>T]T,NODE_0000010
C1294G,C1665902G,G[C>G]G,NODE_0000010
C1303T,C1679768T,T[C>T]C,NODE_0000010
C1403T,C1828126T,T[C>T]T,NODE_0000010
C1518T,C2017943T,G[C>T]C,NODE_0000010
C1540T,C2055222T,A[C>T]G,NODE_0000010
C1590T,C2119468T,C[C>T]A,NODE_0000010
C1776G,C2388071G,G[C>G]C,NODE_0000010
C1838T,C2494215T,C[C>T]A,NODE_0000010
C1947T,C2650240T,G[C>T]T,NODE_0000010
C1976T,C2710194T,C[C>T]T,NODE_0000010
C2146T,C2992340T,G[C>T]T,NODE_0000010
C2196T,C3047644T,G[C>T]C,NODE_0000010
C54T,C15439T,G[C>T]C,NODE_0000011
C93T,C26545T,C[C>T]T,NODE_0000011
T129G,T57633G,A[T>G]T,NODE_0000011
C142A,C62545A,C[C>A]C,NODE_0000011
C216T,C157960T,G[C>T]T,NODE_0000011
C223A,C165853A,G[C>A]A,NODE_0000011
C224G,C168242G,G[C>G]G,NODE_0000011
C323T,C315317T,G[C>T]A,NODE_0000011
C329G,C328634G,A[C>G]G,NODE_0000011
C364T,C365435T,G[C>T]G,NODE_0000011
C401T,C422850T,C[C>T]A,NODE_0000011
C429T,C459887T,G[C>T]T,NODE_0000011
C522T,C528451T,C[C>T]G,NODE_0000011
C643T,C675500T,G[C>T]G,NODE_0000011
T648G,T686240G,C[T>G]T,NODE_0000011
C670T,C714396T,C[C>T]G,NODE_0000011
C743A,C831215A,G[C>A]C,NODE_0000011
C759T,C855081T,C[C>T]C,NODE_0000011
C800T,C938372T,T[C>T]A,NODE_0000011
C865G,C1076949G,A[C>G]A,NODE_0000011
C978A,C1227051A,G[C>A]A,NODE_0000011
C1176T,C1532258T,C[C>T]G,NODE_0000011
C1336G,C1725797G,G[C>G]G,NODE_0000011
C1429A,C1868993A,G[C>A]T,NODE_0000011
C1492T,C1971193T,G[C>T]T,NODE_0000011
C1526T,C2030803T,G[C>T]C,NODE_0000011
C1531T,C2040883T,T[C>T]G,NODE_0000011
C1615T,C2148809T,G[C>T]T,NODE_0000011
C1680T,C2263547T,T[C>T]G,NODE_0000011
C1703A,C2278551A,A[C>A]G,NODE_0000011
C1746T,C2344787T,C[C>T]G,NODE_0000011
C1814T,C2441339T,G[C>T]C,NODE_0000011
C1831A,C2468130A,A[C>A]G,NODE_0000011
C1922T,C2596867T,T[C>T]G,NODE_0000011
T1978G,T2711942G,A[T>G]C,NODE_0000011
C2025A,C2804726A,T[C>A]C,NODE_0000011
C2141T,C2981212T,G[C>T]T,NODE_0000011
C2202G,C3057114G,C[C>G]G,NODE_0000011
C2215G,C3076050G,T[C>G]A,NODE_0000011
C2258T,C3132639T,A[C>T]G,NODE_0000011
C2270T,C3152586T,G[C>T]G,NODE_0000011
C2293T,C3191340T,C[C>T]C,NODE_0000011
T2301C,T3202695C,G[T>C]G,NODE_0000011
C2371T,C3256572T,C[C>T]G,NODE_0000011
C2411A,C3268175A,A[C>A]T,NODE_0000011
C20T,C8402T,T[C>T]C,SRR6241767_1
C147A,C69328A,C[C>A]C,SRR6241767_1
T257G,T226896G,C[T>G]A,SRR6241767_1
C593T,C612421T,T[C>T]T,SRR6241767_1
C682T,C733164T,A[C>T]C,SRR6241767_1
C688A,C738610A,A[C>A]C,SRR6241767_1
C729T,C807196T,G[C>T]C,SRR6241767_1
C750T,C836798T,C[C>T]G,SRR6241767_1
C786T,C902543T,T[C>T]C,SRR6241767_1
C909T,C1149816T,C[C>T]A,SRR6241767_1
C994A,C1248109A,G[C>A]G,SRR6241767_1
T1095C,T1423393C,C[T>C]C,SRR6241767_1
C1130T,C1481751T,G[C>T]A,SRR6241767_1
C1131T,C1482581T,C[C>T]C,SRR6241767_1
C1227T,C1591062T,G[C>T]T,SRR6241767_1
C1349T,C1754494T,A[C>T]G,SRR6241767_1
C1352T,C1759431T,G[C>T]G,SRR6241767_1
T1412C,T1839270C,T[T>C]G,SRR6241767_1
C1458T,C1924097T,G[C>T]A,SRR6241767_1
T1547G,T2066263G,T[T>G]T,SRR6241767_1
C1579A,C2116013A,G[C>A]G,SRR6241767_1
T1605C,T2127823C,T[T>C]C,SRR6241767_1
C1661A,C2219155A,T[C>A]C,SRR6241767_1
C1670T,C2235172T,G[C>T]C,SRR6241767_1
C1706T,C2284675T,C[C>T]T,SRR6241767_1
T1805A,T2429792A,A[T>A]C,SRR6241767_1
C1851A,C2509206A,G[C>A]G,SRR6241767_1
C1917G,C2584343G,T[C>G]C,SRR6241767_1
C2061A,C2860582A,A[C>A]C,SRR6241767_1
C2165T,C3015988T,A[C>T]T,SRR6241767_1
C2192A,C3043758A,A[C>A]C,SRR6241767_1
C2209T,C3068704T,T[C>T]G,SRR6241767_1
C2214A,C3075776A,T[C>A]T,SRR6241767_1
C81T,C22061T,T[C>T]A,NODE_0000012
C114T,C44770T,A[C>T]G,NODE_0000012
C368A,C373602A,T[C>A]A,NODE_0000012
C788G,C909038G,G[C>G]C,NODE_0000012
C1109G,C1443712G,A[C>G]G,NODE_0000012
C1490A,C1969688A,T[C>A]G,NODE_0000012
C1656T,C2215739T,A[C>T]C,NODE_0000012
C1753T,C2349067T,G[C>T]C,NODE_0000012
C1826A,C2460215A,G[C>A]T,NODE_0000012
C1979A,C2712197A,G[C>A]C,NODE_0000012
T2182C,T3030632C,T[T>C]G,NODE_0000012
T2220C,T3086507C,A[T>C]C,NODE_0000012
C88T,C23700T,T[C>T]G,SRR6241771
T231C,T177506C,C[T>C]G,SRR6241771
C335G,C336032G,C[C>G]G,SRR6241771
C345T,C346013T,T[C>T]C,SRR6241771
C357T,C364243T,G[C>T]G,SRR6241771
T501C,T509647C,G[T>C]T,SRR6241771
C621T,C642038T,C[C>T]C,SRR6241771
T810C,T957142C,C[T>C]G,SRR6241771
C856T,C1059469T,T[C>T]T,SRR6241771
C946A,C1196461A,C[C>A]G,SRR6241771
C1144T,C1500917T,C[C>T]G,SRR6241771
C1215G,C1584133G,C[C>G]C,SRR6241771
T1223C,T1587950C,G[T>C]C,SRR6241771
T1250G,T1605920G,A[T>G]A,SRR6241771
C1305A,C1680956A,T[C>A]T,SRR6241771
C1685T,C2269401T,G[C>T]C,SRR6241771
C1817A,C2447312A,T[C>A]C,SRR6241771
C2011A,C2774057A,G[C>A]T,SRR6241771
C2056A,C2855182A,T[C>A]G,SRR6241771
C2259T,C3133744T,G[C>T]G,SRR6241771
C43T,C13937T,C[C>T]G,SRR6241800
C177T,C106792T,G[C>T]A,SRR6241800
C284T,C263815T,G[C>T]A,SRR6241800
C311T,C296859T,C[C>T]C,SRR6241800
C319T,C305609T,G[C>T]G,SRR6241800
C321T,C310911T,T[C>T]A,SRR6241800
C477T,C508698T,T[C>T]G,SRR6241800
C610T,C632561T,C[C>T]A,SRR6241800
C613T,C634261T,C[C>T]A,SRR6241800
C624T,C642614T,C[C>T]A,SRR6241800
C647T,C685044T,G[C>T]C,SRR6241800
C653T,C690054T,G[C>T]A,SRR6241800
C655T,C690604T,G[C>T]T,SRR6241800
C674T,C721495T,A[C>T]A,SRR6241800
C706T,C765782T,G[C>T]C,SRR6241800
C840T,C1015758T,A[C>T]A,SRR6241800
C892T,C1130267T,C[C>T]A,SRR6241800
C928T,C1169487T,A[C>T]C,SRR6241800
C930T,C1172960T,C[C>T]A,SRR6241800
C937T,C1185061T,G[C>T]G,SRR6241800
C955T,C1205956T,T[C>T]G,SRR6241800
C983T,C1233140T,A[C>T]C,SRR6241800
C990T,C1240343T,C[C>T]C,SRR6241800
T1067C,T1374909C,C[T>C]G,SRR6241800
C1068T,C1376454T,C[C>T]A,SRR6241800
C1073T,C1383290T,G[C>T]T,SRR6241800
C1091T,C1417960T,G[C>T]C,SRR6241800
C1093T,C1419986T,G[C>T]A,SRR6241800
C1134A,C1485095A,G[C>A]A,SRR6241800
C1203T,C1566431T,C[C>T]C,SRR6241800
C1232T,C1598483T,A[C>T]G,SRR6241800
C1291T,C1662501T,G[C>T]A,SRR6241800
C1297T,C1668813T,G[C>T]A,SRR6241800
C1323T,C1707357T,T[C>T]A,SRR6241800
C1342T,C1737904T,C[C>T]A,SRR6241800
C1374T,C1799966T,G[C>T]C,SRR6241800
C1381T,C1810742T,T[C>T]A,SRR6241800
C1406T,C1829725T,C[C>T]A,SRR6241800
C1411T,C1838669T,C[C>T]A,SRR6241800
C1424T,C1862237T,G[C>T]A,SRR6241800
C1449T,C1904373T,A[C>T]C,SRR6241800
C1451T,C1910870T,G[C>T]C,SRR6241800
C1488T,C1968342T,T[C>T]G,SRR6241800
C1596T,C2122206T,G[C>T]G,SRR6241800
C1644T,C2200962T,T[C>T]A,SRR6241800
C1652T,C2211942T,C[C>T]G,SRR6241800
C1707T,C2287295T,G[C>T]A,SRR6241800
C1748T,C2345732T,G[C>T]C,SRR6241800
C1765T,C2372112T,C[C>T]C,SRR6241800
C1827T,C2460533T,G[C>T]C,SRR6241800
C1868T,C2530649T,A[C>T]A,SRR6241800
C1933T,C2631775T,A[C>T]A,SRR6241800
C1948G,C2650853G,T[C>G]G,SRR6241800
C1970T,C2703473T,T[C>T]A,SRR6241800
C1972T,C2705830T,A[C>T]A,SRR6241800
C1982T,C2717118T,G[C>T]T,SRR6241800
C2044T,C2827271T,C[C>T]C,SRR6241800
C2063T,C2866817T,A[C>T]C,SRR6241800
C2068T,C2872026T,A[C>T]C,SRR6241800
C2073T,C2880896T,A[C>T]C,SRR6241800
C2147T,C2997476T,C[C>T]A,SRR6241800
C2156T,C3005741T,G[C>T]G,SRR6241800
C2178T,C3026376T,C[C>T]G,SRR6241800
C2213T,C3075458T,G[C>T]A,SRR6241800
C2326T,C3226394T,A[C>T]G,SRR6241800
C2354T,C3244559T,C[C>T]G,SRR6241800
C18T,C7686T,A[C>T]C,SRR6241758
C95T,C27937T,C[C>T]A,SRR6241758
C122T,C48235T,A[C>T]C,SRR6241758
T150C,T74825C,A[T>C]C,SRR6241758
T151C,T74834C,C[T>C]C,SRR6241758
C159T,C87828T,C[C>T]C,SRR6241758
C192T,C125018T,C[C>T]A,SRR6241758
C208T,C146965T,C[C>T]A,SRR6241758
C210T,C151958T,G[C>T]C,SRR6241758
C212T,C154593T,G[C>T]G,SRR6241758
C230T,C177117T,G[C>T]C,SRR6241758
C235T,C181217T,A[C>T]A,SRR6241758
C260T,C227930T,G[C>T]A,SRR6241758
C283T,C263398T,G[C>T]A,SRR6241758
C288T,C266161T,C[C>T]C,SRR6241758
C311T,C296859T,C[C>T]C,SRR6241758
C351T,C351940T,G[C>T]A,SRR6241758
T374G,T383707G,G[T>G]T,SRR6241758
C377T,C386458T,C[C>T]A,SRR6241758
C390T,C407744T,A[C>T]C,SRR6241758
C392T,C408898T,G[C>T]C,SRR6241758
C422T,C442983T,G[C>T]G,SRR6241758
T438C,T470445C,G[T>C]G,SRR6241758
C440T,C471801T,C[C>T]A,SRR6241758
C442T,C474805T,G[C>T]G,SRR6241758
C458T,C495595T,T[C>T]G,SRR6241758
C471T,C504761T,T[C>T]A,SRR6241758
T501C,T509647C,G[T>C]T,SRR6241758
C519T,C527115T,C[C>T]A,SRR6241758
C548T,C568144T,A[C>T]A,SRR6241758
C560T,C579937T,A[C>T]G,SRR6241758
C565T,C584204T,A[C>T]C,SRR6241758
C567T,C585031T,G[C>T]C,SRR6241758
C583T,C595687T,G[C>T]G,SRR6241758
C604T,C628556T,G[C>T]C,SRR6241758
C618T,C640591T,T[C>T]A,SRR6241758
C654T,C690448T,A[C>T]A,SRR6241758
C672T,C719063T,C[C>T]C,SRR6241758
C687T,C738158T,C[C>T]G,SRR6241758
C691T,C745293T,G[C>T]C,SRR6241758
C696T,C753514T,C[C>T]T,SRR6241758
C697T,C754821T,T[C>T]A,SRR6241758
C701T,C759487T,T[C>T]G,SRR6241758
C708T,C770683T,A[C>T]A,SRR6241758
C723T,C790216T,A[C>T]A,SRR6241758
C725T,C791257T,A[C>T]A,SRR6241758
C746T,C836074T,G[C>T]G,SRR6241758
C780T,C890726T,G[C>T]A,SRR6241758
C782T,C891446T,G[C>T]A,SRR6241758
C797T,C930890T,C[C>T]A,SRR6241758
C891T,C1127700T,A[C>T]A,SRR6241758
C893T,C1130274T,G[C>T]G,SRR6241758
C911T,C1154522T,C[C>T]G,SRR6241758
C915T,C1157523T,G[C>T]A,SRR6241758
C919T,C1160630T,C[C>T]G,SRR6241758
C931T,C1175329T,A[C>T]A,SRR6241758
C947T,C1196664T,G[C>T]C,SRR6241758
C967T,C1218635T,G[C>T]T,SRR6241758
C982T,C1231174T,T[C>T]C,SRR6241758
C993T,C1247989T,G[C>T]A,SRR6241758
C1018T,C1287203T,G[C>T]A,SRR6241758
C1063T,C1373666T,G[C>T]A,SRR6241758
T1088C,T1408057C,C[T>C]C,SRR6241758
C1121T,C1461258T,T[C>T]C,SRR6241758
C1150A,C1511671A,T[C>A]G,SRR6241758
C1154T,C1513544T,G[C>T]C,SRR6241758
C1182T,C1547467T,C[C>T]A,SRR6241758
C1186T,C1548866T,T[C>T]G,SRR6241758
C1200T,C1563171T,C[C>T]C,SRR6241758
C1214T,C1579426T,G[C>T]A,SRR6241758
C1235T,C1598740T,C[C>T]A,SRR6241758
C1266T,C1628936T,C[C>T]A,SRR6241758
C1269T,C1634769T,G[C>T]G,SRR6241758
C1278T,C1642947T,A[C>T]C,SRR6241758
C1284T,C1648105T,A[C>T]C,SRR6241758
C1288T,C1654303T,G[C>T]A,SRR6241758
C1328T,C1721630T,G[C>T]C,SRR6241758
C1331T,C1722982T,T[C>T]A,SRR6241758
C1378A,C1807634A,A[C>A]A,SRR6241758
C1381T,C1810742T,T[C>T]A,SRR6241758
C1401T,C1827351T,C[C>T]A,SRR6241758
C1409T,C1833909T,G[C>T]G,SRR6241758
C1413T,C1841268T,C[C>T]G,SRR6241758
C1475T,C1944362T,G[C>T]G,SRR6241758
C1486T,C1964037T,C[C>T]T,SRR6241758
C1489T,C1968831T,G[C>T]A,SRR6241758
C1519T,C2018620T,G[C>T]A,SRR6241758
C1549T,C2074399T,G[C>T]G,SRR6241758
T1551C,T2078964C,C[T>C]C,SRR6241758
C1553T,C2082311T,C[C>T]C,SRR6241758
C1555T,C2086135T,G[C>T]A,SRR6241758
C1588T,C2119365T,T[C>T]G,SRR6241758
C1599T,C2123920T,A[C>T]G,SRR6241758
C1604T,C2127363T,G[C>T]C,SRR6241758
C1628T,C2170547T,G[C>T]A,SRR6241758
C1648T,C2206714T,A[C>T]A,SRR6241758
C1668T,C2234720T,C[C>T]A,SRR6241758
C1694T,C2274765T,C[C>T]G,SRR6241758
C1697T,C2275455T,C[C>T]A,SRR6241758
C1711T,C2293008T,C[C>T]A,SRR6241758
C1714T,C2301051T,C[C>T]C,SRR6241758
C1742T,C2339095T,A[C>T]A,SRR6241758
C1744T,C2343011T,A[C>T]C,SRR6241758
C1795T,C2416605T,G[C>T]C,SRR6241758
C1797T,C2417069T,C[C>T]G,SRR6241758
C1818T,C2447621T,G[C>T]A,SRR6241758
C1881T,C2543936T,C[C>T]G,SRR6241758
C1893T,C2555453T,C[C>T]C,SRR6241758
C1906T,C2573743T,C[C>T]A,SRR6241758
C1925T,C2603327T,T[C>T]A,SRR6241758
C1936T,C2633249T,T[C>T]A,SRR6241758
C1944T,C2647177T,C[C>T]G,SRR6241758
C1950A,C2656279A,C[C>A]C,SRR6241758
C1988A,C2726121A,T[C>A]G,SRR6241758
C2017T,C2780145T,G[C>T]A,SRR6241758
C2045T,C2828495T,G[C>T]A,SRR6241758
C2047T,C2829906T,G[C>T]A,SRR6241758
C2049T,C2840165T,A[C>T]C,SRR6241758
C2069T,C2872203T,T[C>T]C,SRR6241758
C2093T,C2913149T,T[C>T]A,SRR6241758
C2094T,C2913396T,G[C>T]C,SRR6241758
C2115T,C2938733T,G[C>T]A,SRR6241758
C2120T,C2946021T,C[C>T]C,SRR6241758
C2133T,C2970579T,C[C>T]A,SRR6241758
C2145T,C2990918T,G[C>T]A,SRR6241758
C2152T,C2999372T,G[C>T]C,SRR6241758
C2155G,C3005207G,G[C>G]A,SRR6241758
C2168T,C3017804T,T[C>T]T,SRR6241758
C2186T,C3032858T,A[C>T]A,SRR6241758
C2199T,C3051292T,T[C>T]G,SRR6241758
C2272T,C3157666T,G[C>T]G,SRR6241758
C2292T,C3191237T,G[C>T]C,SRR6241758
C2314T,C3216290T,T[C>T]A,SRR6241758
C2330T,C3232317T,A[C>T]A,SRR6241758
C666T,C711197T,G[C>T]T,NODE_0000014
C1522A,C2023404A,A[C>A]C,NODE_0000014
C51T,C14676T,C[C>T]T,NODE_0000015
C78T,C20910T,A[C>T]T,NODE_0000015
C84T,C22719T,G[C>T]T,NODE_0000015
T362C,T365373C,C[T>C]G,NODE_0000015
C371T,C379804T,G[C>T]G,NODE_0000015
C395T,C413902T,C[C>T]A,NODE_0000015
C435T,C467512T,A[C>T]C,NODE_0000015
T521C,T527964C,T[T>C]C,NODE_0000015
C535T,C537330T,G[C>T]T,NODE_0000015
C577G,C591857G,G[C>G]G,NODE_0000015
C622T,C642131T,C[C>T]G,NODE_0000015
T656C,T691619C,G[T>C]C,NODE_0000015
T677C,T727253C,G[T>C]C,NODE_0000015
C683A,C733811A,C[C>A]A,NODE_0000015
C731T,C807613T,G[C>T]A,NODE_0000015
T867C,T1079902C,A[T>C]C,NODE_0000015
C963T,C1214326T,T[C>T]C,NODE_0000015
C1031T,C1313204T,C[C>T]G,NODE_0000015
C1163T,C1524667T,T[C>T]A,NODE_0000015
C1210T,C1575600T,A[C>T]G,NODE_0000015
T1220C,T1587643C,C[T>C]C,NODE_0000015
C1222T,C1587715T,C[C>T]C,NODE_0000015
C1478T,C1947401T,G[C>T]G,NODE_0000015
C1564A,C2096406A,T[C>A]G,NODE_0000015
C1607A,C2131753A,A[C>A]C,NODE_0000015
C1608T,C2132052T,C[C>T]G,NODE_0000015
C1676G,C2239468G,T[C>G]G,NODE_0000015
C1751G,C2347320G,G[C>G]A,NODE_0000015
C1793T,C2414869T,C[C>T]G,NODE_0000015
C1801T,C2423927T,C[C>T]A,NODE_0000015
C2034G,C2815502G,A[C>G]C,NODE_0000015
T2222C,T3090722C,G[T>C]G,NODE_0000015
C2408T,C3267975T,G[C>T]T,NODE_0000015
C405T,C428724T,G[C>T]T,SRR3823998
C495T,C509409T,T[C>T]C,SRR3823998
C530T,C534530T,C[C>T]G,SRR3823998
C875T,C1091716T,T[C>T]A,SRR3823998
C1103T,C1437154T,C[C>T]C,SRR3823998
C1239T,C1599004T,A[C>T]C,SRR3823998
C1874T,C2536347T,G[C>T]G,SRR3823998
C2071T,C2878485T,C[C>T]C,SRR3823998
T45C,T13953C,A[T>C]T,SRR6241812_1
C66T,C17895T,C[C>T]G,SRR6241812_1
C291A,C269403A,T[C>A]A,SRR6241812_1
C317A,C305588A,G[C>A]G,SRR6241812_1
T341C,T340805C,A[T>C]C,SRR6241812_1
C360G,C364961G,C[C>G]A,SRR6241812_1
C493G,C509349G,A[C>G]T,SRR6241812_1
C494T,C509407T,T[C>T]G,SRR6241812_1
C533A,C536741A,G[C>A]T,SRR6241812_1
C602T,C626515T,C[C>T]A,SRR6241812_1
C824T,C978737T,A[C>T]A,SRR6241812_1
C1110T,C1445448T,A[C>T]G,SRR6241812_1
C1452T,C1911082T,C[C>T]G,SRR6241812_1
T1477G,T1946114G,T[T>G]C,SRR6241812_1
C1595G,C2121898G,G[C>G]A,SRR6241812_1
C1738T,C2331520T,C[C>T]G,SRR6241812_1
C1785A,C2403054A,A[C>A]A,SRR6241812_1
T1880G,T2543084G,G[T>G]A,SRR6241812_1
T1943C,T2646699C,A[T>C]G,SRR6241812_1
T2072C,T2879598C,G[T>C]G,SRR6241812_1
C2227T,C3096969T,A[C>T]G,SRR6241812_1
C483T,C508986T,T[C>T]C,NODE_0000017
C537G,C538710G,G[C>G]G,NODE_0000018
C1469A,C1935401A,T[C>A]G,NODE_0000018
C1149T,C1509131T,T[C>T]A,NODE_0000019
C1327G,C1721295G,T[C>G]G,NODE_0000019
C1673A,C2238662A,T[C>A]C,NODE_0000019
C1869T,C2531394T,A[C>T]C,NODE_0000019
C1969T,C2701788T,C[C>T]C,NODE_0000019
C109T,C38769T,T[C>T]T,SRR6241792_1
C172T,C102701T,G[C>T]T,SRR6241792_1
T500C,T509640C,T[T>C]C,SRR6241792_1
C656T,C691619T,G[C>T]C,SRR6241792_1
T661C,T700950C,C[T>C]C,SRR6241792_1
C703T,C762189T,C[C>T]G,SRR6241792_1
C1157T,C1515860T,A[C>T]T,SRR6241792_1
C1198T,C1558579T,A[C>T]A,SRR6241792_1
C1626T,C2168287T,G[C>T]C,SRR6241792_1
T1627C,T2169165C,G[T>C]G,SRR6241792_1
C1903G,C2571583G,G[C>G]G,SRR6241792_1
C2171T,C3021250T,G[C>T]C,SRR6241792_1
C2377T,C3257718T,T[C>T]G,SRR6241792_1
T2409C,T3267980C,G[T>C]C,SRR6241792_1
T53C,T15282C,A[T>C]C,NODE_0000020
C2083T,C2896740T,C[C>T]A,NODE_0000020
C2237G,C3103229G,C[C>G]T,NODE_0000020
C580A,C594295A,C[C>A]C,NC_011896.1
C1079A,C1393702A,T[C>A]G,NC_011896.1
C1261A,C1618995A,G[C>A]C,NC_011896.1
T1398C,T1824462C,T[T>C]C,NC_011896.1
C1566G,C2100523G,G[C>G]C,NC_011896.1
C1586A,C2116829A,G[C>A]G,NC_011896.1
T2048C,T2831723C,C[T>C]C,NC_011896.1
C2084T,C2899295T,T[C>T]C,NC_011896.1
C2327T,C3228985T,G[C>T]A,NC_011896.1
C316T,C305585T,C[C>T]C,NODE_0000022
T774G,T886998G,C[T>G]T,NODE_0000022
T1568C,T2105674C,C[T>C]C,NODE_0000022
C1569T,C2105745T,A[C>T]C,NODE_0000022
C1720A,C2311044A,A[C>A]A,NODE_0000022
C1848T,C2501116T,G[C>T]G,NODE_0000022
C205G,C142915G,A[C>G]C,SRR6241809_1
C426A,C448789A,A[C>A]T,SRR6241809_1
C598G,C623741G,G[C>G]C,SRR6241809_1
T1309C,T1686996C,C[T>C]A,SRR6241809_1
C1789G,C2407516G,C[C>G]G,SRR6241809_1
C1989T,C2726930T,C[C>T]C,SRR6241809_1
C2275T,C3160051T,A[C>T]C,SRR6241809_1
T48C,T14313C,G[T>C]A,SRR6241794_1
T213C,T156641C,A[T>C]A,SRR6241794_1
C278T,C256688T,T[C>T]C,SRR6241794_1
C340T,C339486T,C[C>T]C,SRR6241794_1
C692T,C745554T,A[C>T]G,SRR6241794_1
T885C,T1115046C,G[T>C]A,SRR6241794_1
T1247C,T1602127C,A[T>C]A,SRR6241794_1
C2099T,C2921632T,G[C>T]A,SRR6241794_1
C2286T,C3182203T,G[C>T]G,SRR6241794_1
C211T,C152772T,G[C>T]C,SRR6241750_1
C452A,C491083A,C[C>A]C,SRR6241750_1
C552T,C569838T,A[C>T]C,SRR6241750_1
C667T,C712125T,G[C>T]G,SRR6241750_1
T881C,T1112362C,T[T>C]T,SRR6241750_1
C908A,C1149142A,A[C>A]C,SRR6241750_1
C979T,C1227103T,G[C>T]A,SRR6241750_1
C1094A,C1421211A,G[C>A]A,SRR6241750_1
C1140T,C1495286T,A[C>T]A,SRR6241750_1
C1280A,C1644880A,C[C>A]G,SRR6241750_1
C1307T,C1684746T,A[C>T]T,SRR6241750_1
C1365T,C1788877T,G[C>T]A,SRR6241750_1
C1861T,C2519784T,G[C>T]C,SRR6241750_1
C1966T,C2690899T,T[C>T]G,SRR6241750_1
C1984T,C2718354T,T[C>T]A,SRR6241750_1
C2365T,C3254358T,T[C>T]A,SRR6241750_1
C264T,C237036T,C[C>T]G,NODE_0000025
C804T,C949139T,G[C>T]G,NODE_0000025
T1840C,T2495686C,A[T>C]A,NODE_0000025
C543G,C554447G,G[C>G]G,SRR6241786_1
T693C,T747356C,G[T>C]A,SRR6241786_1
C1299T,C1672212T,C[C>T]C,SRR6241786_1
C1419T,C1851119T,G[C>T]G,SRR6241786_1
C1421T,C1855210T,A[C>T]C,SRR6241786_1
C488T,C509065T,G[C>T]C,SRR6241738
C1359T,C1775844T,C[C>T]A,SRR6241738
C1687T,C2269690T,C[C>T]G,SRR6241738
C1728T,C2317911T,C[C>T]T,SRR6241738
C2075T,C2888080T,A[C>T]C,SRR6241738
C180G,C110180G,G[C>G]A,NODE_0000026
C287T,C264623T,A[C>T]G,NODE_0000026
C318G,C305597G,G[C>G]G,NODE_0000026
T505G,T511079G,T[T>G]T,NODE_0000026
C584T,C595774T,C[C>T]A,NODE_0000026
C679G,C729994G,C[C>G]C,NODE_0000026
C848T,C1037678T,A[C>T]A,NODE_0000026
C988T,C1237129T,C[C>T]T,NODE_0000026
C1337T,C1730876T,T[C>T]G,NODE_0000026
C1570A,C2109150A,A[C>A]C,NODE_0000026
T775C,T887627C,G[T>C]C,NODE_0000028
C2391T,C3261316T,G[C>T]G,NODE_0000028
C64T,C17278T,T[C>T]T,SRR6241804_1
C612A,C634128A,G[C>A]G,SRR6241804_1
C1123A,C1464236A,T[C>A]G,SRR6241804_1
C1304T,C1680012T,T[C>T]C,SRR6241804_1
C1561T,C2094112T,A[C>T]A,SRR6241804_1
C1712A,C2298949A,A[C>A]C,SRR6241804_1
C2067G,C2870763G,G[C>G]G,SRR6241804_1
C1255G,C1613377G,T[C>G]C,NODE_0000029
C154A,C75416A,C[C>A]G,SRR6241717_1
C2179T,C3027662T,T[C>T]C,SRR6241717_1
T501C,T509647C,G[T>C]T,SRR6241720_1
C652T,C688924T,C[C>T]T,SRR6241720_1
C1228T,C1592706T,G[C>T]T,SRR6241720_1
C1384A,C1816961A,T[C>A]G,SRR6241720_1
C1386T,C1821055T,G[C>T]C,SRR6241720_1
C1502T,C1994237T,C[C>T]C,SRR6241720_1
C2008T,C2754215T,T[C>T]T,SRR6241720_1
C2016T,C2777727T,C[C>T]G,SRR6241720_1
C2158T,C3008941T,C[C>T]G,SRR6241720_1
C2218T,C3082353T,C[C>T]T,SRR6241720_1
C2398T,C3264829T,A[C>T]A,SRR6241720_1
T496C,T509424C,A[T>C]C,SRR6241719_1
C790T,C910013T,T[C>T]G,SRR6241719_1
C1052T,C1349308T,T[C>T]C,SRR6241719_1
C1508G,C2003590G,T[C>G]A,SRR6241719_1
C1606T,C2128571T,A[C>T]C,SRR6241719_1
C1740A,C2333779A,C[C>A]C,SRR6241719_1
C1770T,C2377771T,G[C>T]A,SRR6241719_1
C2107A,C2927187A,A[C>A]C,SRR6241719_1
C562T,C580488T,G[C>T]A,NODE_0000032
C22T,C8517T,G[C>T]T,SRR6241807_1
C705T,C763888T,T[C>T]C,SRR6241807_1
C724T,C790331T,G[C>T]T,SRR6241807_1
T829G,T994899G,T[T>G]C,SRR6241807_1
C837T,C1007919T,C[C>T]A,SRR6241807_1
C999T,C1256039T,A[C>T]G,SRR6241807_1
C1113T,C1450627T,G[C>T]C,SRR6241807_1
C1147T,C1505487T,G[C>T]G,SRR6241807_1
C1171T,C1530446T,C[C>T]G,SRR6241807_1
C1187T,C1549043T,C[C>T]C,SRR6241807_1
C1275A,C1639508A,G[C>A]T,SRR6241807_1
C1350A,C1754954A,C[C>A]G,SRR6241807_1
C1658T,C2217970T,C[C>T]G,SRR6241807_1
C1759T,C2366829T,C[C>T]A,SRR6241807_1
T1810C,T2437853C,A[T>C]G,SRR6241807_1
C1825T,C2460095T,G[C>T]G,SRR6241807_1
C1872T,C2535269T,G[C>T]G,SRR6241807_1
C1916T,C2582322T,T[C>T]A,SRR6241807_1
C2404T,C3265883T,T[C>T]T,SRR6241807_1
C247A,C208707A,T[C>A]G,NODE_0000033
T252C,T216170C,G[T>C]G,NODE_0000033
C920A,C1161061A,A[C>A]T,NODE_0000033
C1019A,C1290079A,G[C>A]G,NODE_0000033
C1671T,C2238191T,C[C>T]T,NODE_0000033
C2059T,C2856679T,C[C>T]C,NODE_0000033
C2104T,C2926722T,G[C>T]G,NODE_0000033
C2265T,C3143619T,C[C>T]A,NODE_0000033
C15T,C6986T,C[C>T]G,SRR6241788_1
C828T,C992960T,C[C>T]C,SRR6241788_1
C1308A,C1686348A,G[C>A]G,SRR6241788_1
T1532C,T2041494C,C[T>C]G,SRR6241788_1
C1667T,C2234495T,T[C>T]G,SRR6241788_1
C1844A,C2498354A,A[C>A]G,SRR6241788_1
C2064T,C2867052T,G[C>T]C,SRR6241788_1
C2078T,C2891530T,G[C>T]T,SRR6241788_1
C2175T,C3024249T,C[C>T]G,SRR6241788_1
C2315T,C3217941T,C[C>T]A,SRR6241788_1
T501C,T509647C,G[T>C]T,NODE_0000034
C534T,C537125T,G[C>T]T,NODE_0000034
C668T,C712382T,G[C>T]T,NODE_0000034
C735G,C812000G,G[C>G]G,NODE_0000034
C1080T,C1396948T,T[C>T]A,NODE_0000034
C1085T,C1407744T,C[C>T]G,NODE_0000034
T1180A,T1537025A,A[T>A]G,NODE_0000034
C1260T,C1618096T,C[C>T]C,NODE_0000034
C1784T,C2402997T,G[C>T]A,NODE_0000034
C2002T,C2740225T,T[C>T]C,NODE_0000034
C2126T,C2960680T,T[C>T]C,NODE_0000034
C2129T,C2965921T,G[C>T]A,NODE_0000034
C2248T,C3117348T,A[C>T]A,NODE_0000034
C13T,C6736T,A[C>T]C,SRR6241736_1
C26T,C9508T,A[C>T]C,SRR6241736_1
C46T,C13972T,A[C>T]A,SRR6241736_1
C135T,C60863T,G[C>T]A,SRR6241736_1
C184T,C115674T,T[C>T]G,SRR6241736_1
C220T,C163172T,G[C>T]A,SRR6241736_1
C296T,C274736T,G[C>T]A,SRR6241736_1
C311T,C296859T,C[C>T]C,SRR6241736_1
C353T,C360572T,A[C>T]A,SRR6241736_1
C389T,C407094T,G[C>T]A,SRR6241736_1
C399T,C417149T,G[C>T]C,SRR6241736_1
C428T,C459733T,G[C>T]G,SRR6241736_1
C508T,C512603T,G[C>T]A,SRR6241736_1
C566T,C584468T,A[C>T]A,SRR6241736_1
C570T,C585562T,C[C>T]G,SRR6241736_1
C619T,C640736T,T[C>T]C,SRR6241736_1
C664T,C704733T,C[C>T]T,SRR6241736_1
C685T,C734748T,C[C>T]A,SRR6241736_1
C686T,C736572T,G[C>T]C,SRR6241736_1
C689T,C739050T,A[C>T]A,SRR6241736_1
C732T,C810101T,A[C>T]A,SRR6241736_1
C741T,C827799T,C[C>T]A,SRR6241736_1
C757T,C850550T,C[C>T]A,SRR6241736_1
C765T,C869066T,T[C>T]C,SRR6241736_1
C767T,C873316T,G[C>T]C,SRR6241736_1
C778T,C890227T,A[C>T]G,SRR6241736_1
C798T,C931378T,C[C>T]A,SRR6241736_1
C802T,C942756T,T[C>T]C,SRR6241736_1
C809T,C955616T,C[C>T]A,SRR6241736_1
C812T,C958115T,G[C>T]C,SRR6241736_1
C852T,C1047102T,C[C>T]A,SRR6241736_1
C871T,C1087165T,T[C>T]A,SRR6241736_1
C888T,C1121776T,A[C>T]A,SRR6241736_1
C913T,C1156432T,G[C>T]A,SRR6241736_1
C961T,C1210001T,G[C>T]T,SRR6241736_1
C1003T,C1261216T,A[C>T]A,SRR6241736_1
C1008T,C1271647T,A[C>T]C,SRR6241736_1
C1029T,C1307216T,C[C>T]C,SRR6241736_1
C1077T,C1391032T,C[C>T]A,SRR6241736_1
C1118T,C1454340T,C[C>T]A,SRR6241736_1
C1138T,C1491430T,T[C>T]A,SRR6241736_1
C1141T,C1495320T,C[C>T]A,SRR6241736_1
C1145T,C1501508T,C[C>T]G,SRR6241736_1
C1158T,C1519111T,A[C>T]A,SRR6241736_1
C1179T,C1536055T,C[C>T]A,SRR6241736_1
C1185T,C1548639T,A[C>T]C,SRR6241736_1
C1199T,C1561250T,A[C>T]C,SRR6241736_1
C1238T,C1599002T,G[C>T]A,SRR6241736_1
C1254T,C1611250T,G[C>T]A,SRR6241736_1
C1268T,C1631178T,T[C>T]A,SRR6241736_1
C1380T,C1809184T,C[C>T]A,SRR6241736_1
C1422T,C1860137T,G[C>T]A,SRR6241736_1
C1466T,C1931970T,C[C>T]A,SRR6241736_1
T1467C,T1933778C,C[T>C]C,SRR6241736_1
C1500T,C1992257T,C[C>T]A,SRR6241736_1
C1513T,C2011750T,G[C>T]G,SRR6241736_1
C1537T,C2048890T,C[C>T]A,SRR6241736_1
C1565T,C2099415T,C[C>T]G,SRR6241736_1
C1575T,C2115263T,G[C>T]A,SRR6241736_1
C1612T,C2141005T,G[C>T]C,SRR6241736_1
C1641T,C2198651T,T[C>T]A,SRR6241736_1
C1657T,C2217277T,A[C>T]A,SRR6241736_1
C1663T,C2220113T,C[C>T]A,SRR6241736_1
C1681T,C2264148T,G[C>T]C,SRR6241736_1
C1749T,C2345803T,C[C>T]G,SRR6241736_1
C1767T,C2372721T,G[C>T]G,SRR6241736_1
C1781T,C2398086T,C[C>T]A,SRR6241736_1
C1783T,C2402139T,T[C>T]C,SRR6241736_1
C1803T,C2427443T,G[C>T]A,SRR6241736_1
C1815T,C2441881T,T[C>T]G,SRR6241736_1
C1895T,C2556701T,G[C>T]T,SRR6241736_1
C1909T,C2574284T,T[C>T]A,SRR6241736_1
C1913T,C2578827T,A[C>T]A,SRR6241736_1
C1920T,C2593808T,G[C>T]T,SRR6241736_1
C1934T,C2632077T,G[C>T]C,SRR6241736_1
C1935T,C2632374T,G[C>T]A,SRR6241736_1
C1977T,C2710302T,T[C>T]A,SRR6241736_1
C1997T,C2733216T,C[C>T]C,SRR6241736_1
C2028T,C2806821T,C[C>T]A,SRR6241736_1
C2051T,C2845168T,G[C>T]A,SRR6241736_1
C2054T,C2851713T,C[C>T]G,SRR6241736_1
C2090T,C2906377T,C[C>T]A,SRR6241736_1
C2101T,C2924859T,G[C>T]A,SRR6241736_1
C2112T,C2931257T,G[C>T]A,SRR6241736_1
C2121T,C2950563T,T[C>T]C,SRR6241736_1
C2124T,C2957254T,A[C>T]G,SRR6241736_1
C2142T,C2981377T,T[C>T]A,SRR6241736_1
C2160T,C3010945T,T[C>T]G,SRR6241736_1
C2184T,C3030802T,G[C>T]G,SRR6241736_1
C2205T,C3057870T,G[C>T]A,SRR6241736_1
C2254T,C3126730T,G[C>T]A,SRR6241736_1
C2263T,C3140183T,C[C>T]A,SRR6241736_1
C2288T,C3187164T,A[C>T]A,SRR6241736_1
C2289T,C3188090T,G[C>T]A,SRR6241736_1
C2297T,C3193208T,A[C>T]A,SRR6241736_1
C2328T,C3230822T,A[C>T]A,SRR6241736_1
C311G,C296859G,C[C>G]C,NODE_0000035
C553T,C571998T,A[C>T]G,NODE_0000035
T574C,T587499C,A[T>C]T,NODE_0000035
C831T,C996757T,C[C>T]G,NODE_0000035
C868T,C1081456T,C[C>T]T,NODE_0000035
C1578T,C2115815T,C[C>T]C,NODE_0000035
C1591T,C2119639T,T[C>T]A,NODE_0000035
C2322T,C3225420T,T[C>T]C,NODE_0000035
C1184T,C1548554T,C[C>T]A,SRR6241729
T1344G,T1740274G,G[T>G]C,SRR6241729
C665G,C709938G,G[C>G]G,SRR6241728
C1345T,C1740331T,G[C>T]G,SRR6241728
C1820G,C2450951G,G[C>G]G,SRR6241728
C140T,C61735T,T[C>T]G,NODE_0000036
C314A,C302347A,G[C>A]A,NODE_0000036
C343G,C342063G,G[C>G]G,NODE_0000036
T1104C,T1440815C,C[T>C]T,NODE_0000036
C1174T,C1532074T,G[C>T]G,NODE_0000036
C1472T,C1940329T,C[C>T]G,NODE_0000036
C1871T,C2533820T,G[C>T]G,NODE_0000036
C2062T,C2863106T,A[C>T]T,NODE_0000036
C2095G,C2913441G,A[C>G]C,NODE_0000036
C82T,C22151T,G[C>T]C,SRR6241790_1
C324T,C319324T,C[C>T]T,SRR6241790_1
C441T,C474428T,G[C>T]C,SRR6241790_1
C485T,C509008T,C[C>T]C,SRR6241790_1
C641T,C670669T,C[C>T]G,SRR6241790_1
C827A,C986851A,C[C>A]A,SRR6241790_1
T830G,T996119G,G[T>G]T,SRR6241790_1
C995T,C1252020T,C[C>T]A,SRR6241790_1
C1282T,C1646086T,G[C>T]A,SRR6241790_1
T1390G,T1823128G,T[T>G]C,SRR6241790_1
C1833T,C2472049T,A[C>T]C,SRR6241790_1
C1926A,C2607277A,A[C>A]A,SRR6241790_1
C67T,C18026T,T[C>T]G,NODE_0000038
C427T,C456738T,G[C>T]C,NODE_0000038
C474T,C508369T,G[C>T]C,NODE_0000038
C1098G,C1427684G,G[C>G]C,NODE_0000038
C1099A,C1430602A,A[C>A]G,NODE_0000038
C1376G,C1802987G,T[C>G]C,NODE_0000038
C1876T,C2537727T,C[C>T]T,NODE_0000038
C2249T,C3118984T,C[C>T]G,NODE_0000038
C2320G,C3223758G,T[C>G]T,NODE_0000038
C2342T,C3240476T,T[C>T]A,NODE_0000038
T106C,T35507C,A[T>C]C,SRR6241731_1
C715T,C779904T,C[C>T]G,SRR6241735_1
C934T,C1179833T,T[C>T]A,SRR6241735_1
C1807G,C2429864G,A[C>G]C,SRR6241735_1
C2177G,C3026300G,T[C>G]A,SRR6241735_1
T501C,T509647C,G[T>C]T,NODE_0000039
C87T,C23381T,T[C>T]C,SRR6241733
C237G,C189355G,G[C>G]G,SRR6241733
C311G,C296859G,C[C>G]C,SRR6241733
T406G,T429770G,G[T>G]G,SRR6241733
C461T,C496429T,G[C>T]G,SRR6241733
C569A,C585192A,G[C>A]G,SRR6241733
C834A,C1004152A,A[C>A]G,SRR6241733
T954C,T1205932C,T[T>C]T,SRR6241733
T991C,T1240892C,T[T>C]T,SRR6241733
C1012A,C1277456A,A[C>A]A,SRR6241733
T1233G,T1598523G,G[T>G]C,SRR6241733
C1325G,C1713172G,A[C>G]A,SRR6241733
C1446T,C1900555T,G[C>T]G,SRR6241733
C1594A,C2121378A,T[C>A]G,SRR6241733
C1695T,C2275439T,T[C>T]G,SRR6241733
C1734G,C2324509G,A[C>G]A,SRR6241733
T1747G,T2345191G,G[T>G]C,SRR6241733
C1894T,C2555810T,A[C>T]C,SRR6241733
C2106A,C2927102A,T[C>A]T,SRR6241733
T293C,T270682C,G[T>C]A,NODE_0000040
T366C,T367549C,G[T>C]T,NODE_0000040
C564A,C581128A,C[C>A]G,NODE_0000040
C1717G,C2306998G,A[C>G]C,NODE_0000040
T1752C,T2347504C,G[T>C]C,NODE_0000040
C1417T,C1844335T,T[C>T]A,NODE_0000041
C1071T,C1378708T,T[C>T]G,SRR6241743_1
C1231T,C1597680T,T[C>T]T,SRR6241743_1
C1404T,C1829437T,T[C>T]G,SRR6241743_1
C1598G,C2123869G,A[C>G]G,SRR6241743_1
C209T,C148625T,A[C>T]G,NODE_0000042
C311G,C296859G,C[C>G]C,NODE_0000042
C449T,C489941T,C[C>T]T,NODE_0000042
C1192A,C1552528A,C[C>A]T,NODE_0000042
T1193C,T1552530C,A[T>C]C,NODE_0000042
T1194G,T1552533G,T[T>G]C,NODE_0000042
T1242G,T1599017G,C[T>G]G,NODE_0000042
C1822T,C2456545T,G[C>T]C,NODE_0000042
T572C,T586761C,C[T>C]G,SRR6241798
C2032T,C2812642T,T[C>T]G,SRR6241798
C2307T,C3211048T,G[C>T]C,SRR6241798
C607A,C630056A,T[C>A]G,SRR3824000
C1229T,C1592790T,G[C>T]C,SRR3824000
C1377T,C1803024T,C[C>T]T,SRR3824000
C1447T,C1900827T,C[C>T]C,SRR3824000
C280T,C258100T,T[C>T]C,NODE_0000043
T926C,T1168868C,A[T>C]A,NODE_0000043
T1853A,T2512037A,T[T>A]T,NODE_0000043
C1435A,C1885234A,G[C>A]C,SRR6241744_1
C311G,C296859G,C[C>G]C,SRR6241734
T572C,T586761C,C[T>C]G,SRR6241734
T1243C,T1599022C,A[T>C]C,SRR6241734
C1393T,C1823302T,G[C>T]C,SRR6241734
C1695T,C2275439T,T[C>T]G,SRR6241734
C1701A,C2276294A,A[C>A]C,SRR6241734
C1355T,C1763208T,G[C>T]T,SRR6241732_1
T1096G,T1425703G,G[T>G]T,NODE_0000045
C1993T,C2730961T,G[C>T]C,NODE_0000045
C2255T,C3126760T,A[C>T]G,NODE_0000046
C217T,C160033T,C[C>T]A,SRR6241726_1
C311T,C296859T,C[C>T]C,SRR6241726_1
T312G,T297128G,T[T>G]C,SRR6241726_1
C707T,C768366T,C[C>T]T,SRR6241726_1
C933T,C1177842T,T[C>T]G,SRR6241726_1
C1112T,C1450157T,T[C>T]G,SRR6241726_1
C1649A,C2207236A,A[C>A]A,SRR6241726_1
T1755C,T2356697C,G[T>C]C,SRR6241726_1
C1762T,C2368720T,G[C>T]A,SRR6241726_1
C1968A,C2696779A,G[C>A]G,SRR6241726_1
C2130G,C2969119G,T[C>G]C,SRR6241726_1
C2273T,C3159208T,C[C>T]G,SRR6241726_1
C2353T,C3244458T,T[C>T]T,SRR6241726_1
C86T,C23040T,C[C>T]T,SRR6241787_1
C342T,C341935T,G[C>T]T,SRR6241787_1
C1287T,C1650641T,T[C>T]A,SRR6241787_1
C1523T,C2028535T,C[C>T]C,SRR6241787_1
C1955T,C2665671T,A[C>T]G,SRR6241787_1
T2122C,T2955901C,C[T>C]C,SRR6241787_1
C2319G,C3223166G,G[C>G]A,SRR6241787_1
C376T,C385598T,G[C>T]G,SRR6241795_1
C393A,C409261A,A[C>A]T,SRR6241795_1
T544C,T556973C,A[T>C]C,SRR6241795_1
C736T,C815477T,G[C>T]A,SRR6241795_1
C1499T,C1990699T,A[C>T]A,SRR6241795_1
C1958T,C2668771T,A[C>T]G,SRR6241795_1
C2077T,C2891256T,T[C>T]G,SRR6241795_1
T277C,T254545C,C[T>C]T,SRR6241764
T889C,T1123066C,A[T>C]G,SRR6241764
C922T,C1161706T,G[C>T]T,SRR6241764
C929T,C1172725T,T[C>T]G,SRR6241764
C1013A,C1277516A,C[C>A]G,SRR6241764
T1318C,T1705077C,G[T>C]C,SRR6241764
C1756A,C2360921A,A[C>A]A,SRR6241764
C2022T,C2789815T,C[C>T]A,SRR6241764
C450T,C489944T,T[C>T]A,SRR6241777
C463T,C500961T,G[C>T]T,SRR6241777
C603T,C627833T,C[C>T]G,SRR6241777
C781A,C891080A,C[C>A]A,SRR6241777
C958T,C1206100T,G[C>T]A,SRR6241777
C1148T,C1505545T,C[C>T]G,SRR6241777
C1479A,C1948743A,C[C>A]A,SRR6241777
C1507T,C2003490T,T[C>T]A,SRR6241777
C1557A,C2088761A,G[C>A]T,SRR6241777
T1585G,T2116718G,C[T>G]C,SRR6241777
T2024G,T2803181G,T[T>G]T,SRR6241777
C2148T,C2998017T,T[C>T]C,SRR6241777
T479C,T508715C,C[T>C]C,NODE_0000050
T1726C,T2317784C,C[T>C]A,NODE_0000051
C2369T,C3255088T,A[C>T]A,NODE_0000051
C2399T,C3265004T,C[C>T]G,NODE_0000051
T1437G,T1889027G,C[T>G]G,SRR6241811_1
C271T,C245677T,C[C>T]A,NODE_0000052
C738T,C818377T,T[C>T]A,NODE_0000052
C942T,C1192700T,C[C>T]A,NODE_0000052
C70T,C18915T,A[C>T]G,SRR6241775
C383T,C401177T,G[C>T]T,SRR6241775
C1571T,C2110433T,T[C>T]G,SRR6241775
T1715C,T2301200C,T[T>C]G,SRR6241775
T1914G,T2581866G,G[T>G]C,SRR6241775
C239G,C192862G,T[C>G]A,SRR6241814_1
T388C,T405245C,G[T>C]A,SRR6241814_1
C803T,C947813T,A[C>T]A,SRR6241814_1
T1298G,T1671842G,C[T>G]T,SRR6241814_1
C1637T,C2184897T,G[C>T]C,SRR6241814_1
C1918A,C2587051A,A[C>A]G,SRR6241814_1
T2193C,T3044265C,C[T>C]G,SRR6241814_1
T2406C,T3267537C,G[T>C]A,SRR6241814_1
C410T,C431225T,G[C>T]G,NODE_0000053
C561A,C580231A,A[C>A]C,NODE_0000053
C833A,C1003995A,C[C>A]G,NODE_0000053
C233A,C179289A,C[C>A]G,SRR6241808_1
C992T,C1244392T,T[C>T]G,SRR6241808_1
T1804G,T2429300G,C[T>G]A,NODE_0000055
C753T,C845064T,G[C>T]G,SRR6241793_1
T1884G,T2548109G,A[T>G]G,SRR6241793_1
C12T,C6476T,C[C>T]G,SRR6241789_1
C436T,C468693T,A[C>T]G,SRR6241789_1
C636A,C663507A,C[C>A]G,SRR6241789_1
C836T,C1006694T,A[C>T]G,SRR6241789_1
C1382T,C1812660T,T[C>T]G,SRR6241789_1
C1392T,C1823151T,C[C>T]A,SRR6241789_1
C2076T,C2890313T,G[C>T]A,SRR6241789_1
C2388T,C3259791T,G[C>T]G,SRR6241789_1
C2057T,C2855821T,G[C>T]G,SRR6241791_1
C128T,C53995T,G[C>T]G,SRR6241776
C311G,C296859G,C[C>G]C,SRR6241776
C513T,C521826T,T[C>T]G,SRR6241776
T1242G,T1599017G,C[T>G]G,SRR6241776
T1960C,T2672637C,G[T>C]G,SRR6241776
C2231T,C3100797T,G[C>T]C,SRR6241776
C185T,C115979T,T[C>T]C,NODE_0000059
C2161G,C3011122G,C[C>G]T,NODE_0000059
T290C,T268619C,G[T>C]C,SRR6241810_1
T381C,T397572C,G[T>C]C,SRR6241810_1
C386T,C402795T,T[C>T]G,SRR6241810_1
C832T,C997702T,T[C>T]T,SRR6241810_1
C1125T,C1469140T,C[C>T]G,SRR6241810_1
C1530T,C2040521T,A[C>T]A,SRR6241810_1
C1882T,C2546077T,G[C>T]A,SRR6241810_1
C2401T,C3265157T,G[C>T]G,SRR6241810_1
C33T,C12492T,G[C>T]T,SRR6241774
C74T,C19659T,G[C>T]C,SRR6241774
C439G,C471695G,A[C>G]T,SRR6241774
C1296T,C1668130T,G[C>T]C,SRR6241774
C1548G,C2068669G,G[C>G]C,SRR6241774
C1646G,C2203382G,G[C>G]G,SRR6241774
T2190C,T3039755C,A[T>C]A,SRR6241774
C2278T,C3167412T,C[C>T]A,SRR6241774
C190G,C121761G,A[C>G]C,SRR6241815_1
C403A,C424489A,G[C>A]C,SRR6241815_1
C844T,C1024451T,G[C>T]G,SRR6241815_1
C903A,C1143274A,A[C>A]A,SRR6241815_1
C2009T,C2760367T,A[C>T]G,SRR6241815_1
C2185T,C3031870T,C[C>T]C,SRR6241815_1
C2306T,C3210280T,T[C>T]G,SRR6241815_1
C149T,C73703T,T[C>T]A,SRR6241783_1
C650T,C687078T,C[C>T]C,SRR6241783_1
C1111T,C1446805T,C[C>T]A,SRR6241783_1
C1119A,C1458303A,C[C>A]G,SRR6241783_1
T1126G,T1473646G,C[T>G]T,SRR6241783_1
C1188G,C1549135G,G[C>G]A,SRR6241783_1
C1395T,C1823619T,T[C>T]G,SRR6241783_1
C1592A,C2120873A,A[C>A]C,SRR6241783_1
C2006T,C2751496T,G[C>T]C,SRR6241783_1
C2189G,C3039310G,A[C>G]C,SRR6241783_1
C2311T,C3215290T,A[C>T]G,SRR6241783_1
C656T,C691619T,G[C>T]C,NODE_0000062
C704G,C763402G,T[C>G]C,NODE_0000062
C1049T,C1348056T,A[C>T]G,NODE_0000062
T1375C,T1800299C,G[T>C]T,NODE_0000062
C847T,C1030811T,G[C>T]A,SRR6241806_1
C1334T,C1724622T,C[C>T]G,SRR6241806_1
C2390T,C3261005T,T[C>T]A,SRR6241806_1
C204G,C142746G,G[C>G]G,NODE_0000063
C261T,C228261T,A[C>T]T,NODE_0000063
C1812T,C2439595T,T[C>T]G,NODE_0000063
C512A,C520613A,G[C>A]C,NODE_0000064
C956G,C1206026G,G[C>G]T,SRR3330052
C896A,C1133492A,G[C>A]G,NODE_0000065
C1025T,C1295192T,A[C>T]C,NODE_0000065
T1669C,T2235048C,A[T>C]A,NODE_0000065
C1721G,C2312059G,T[C>G]G,NODE_0000065
C3T,C883T,C[C>T]T,NODE_0000066
C17T,C7614T,G[C>T]A,NODE_0000066
C120T,C48196T,G[C>T]C,NODE_0000066
C186T,C116225T,G[C>T]C,NODE_0000066
C214T,C156948T,A[C>T]G,NODE_0000066
C240T,C193848T,G[C>T]C,NODE_0000066
T363C,T365411C,T[T>C]A,NODE_0000066
T590C,T604325C,C[T>C]G,NODE_0000066
C841T,C1017407T,T[C>T]G,NODE_0000066
C917G,C1160426G,G[C>G]A,NODE_0000066
C1022T,C1291018T,A[C>T]G,NODE_0000066
C1039T,C1329459T,G[C>T]G,NODE_0000066
T1218C,T1585800C,G[T>C]G,NODE_0000066
C1353T,C1759651T,G[C>T]C,NODE_0000066
C1363T,C1787399T,G[C>T]C,NODE_0000066
C1444T,C1900006T,G[C>T]G,NODE_0000066
C1483T,C1962036T,C[C>T]G,NODE_0000066
C1879T,C2542313T,T[C>T]G,NODE_0000066
C2137A,C2978374A,G[C>A]C,NODE_0000066
C2153T,C2999976T,G[C>T]C,NODE_0000066
C1771T,C2378341T,C[C>T]C,NODE_0000067
T2372C,T3256677C,G[T>C]T,NODE_0000067
C68T,C18439T,T[C>T]G,SRR6241739_1
C71T,C19071T,G[C>T]A,SRR6241739_1
C115T,C44832T,C[C>T]C,SRR6241739_1
T258C,T227077C,A[T>C]G,SRR6241739_1
C328T,C328604T,T[C>T]T,SRR6241739_1
C332T,C331723T,C[C>T]G,SRR6241739_1
C397T,C416972T,G[C>T]T,SRR6241739_1
C758T,C853213T,G[C>T]G,SRR6241739_1
T860C,T1069087C,C[T>C]G,SRR6241739_1
C906T,C1143812T,G[C>T]T,SRR6241739_1
C923A,C1162797A,C[C>A]C,SRR6241739_1
C935A,C1180279A,T[C>A]T,SRR6241739_1
C941T,C1191821T,G[C>T]C,SRR6241739_1
C1016G,C1280194G,C[C>G]T,SRR6241739_1
C1026T,C1304103T,T[C>T]G,SRR6241739_1
C1074T,C1386059T,T[C>T]G,SRR6241739_1
C1293T,C1665261T,C[C>T]G,SRR6241739_1
T1368G,T1792670G,T[T>G]C,SRR6241739_1
C1385A,C1819543A,T[C>A]T,SRR6241739_1
C1445T,C1900227T,A[C>T]C,SRR6241739_1
C1491T,C1970335T,T[C>T]C,SRR6241739_1
T1897A,T2560781A,C[T>A]T,SRR6241739_1
T2224C,T3093876C,T[T>C]G,SRR6241739_1
C2274T,C3159732T,A[C>T]T,SRR6241739_1
T2298C,T3196669C,A[T>C]G,SRR6241739_1
C2344T,C3241182T,C[C>T]T,SRR6241739_1
C2348T,C3243610T,T[C>T]G,SRR6241739_1
C2379T,C3258245T,G[C>T]T,SRR6241739_1
C80T,C21959T,A[C>T]T,NODE_0000068
C344T,C345033T,G[C>T]C,NODE_0000068
T346G,T347278G,G[T>G]G,NODE_0000068
T369C,T376632C,A[T>C]A,NODE_0000068
T409C,T430576C,C[T>C]C,NODE_0000068
T690C,T739991C,C[T>C]A,NODE_0000068
C719T,C784611T,C[C>T]G,NODE_0000068
C845T,C1025142T,T[C>T]G,NODE_0000068
T897C,T1135030C,G[T>C]A,NODE_0000068
C939T,C1185676T,A[C>T]C,NODE_0000068
C966A,C1218570A,G[C>A]C,NODE_0000068
T1050C,T1348383C,A[T>C]G,NODE_0000068
C1139T,C1495083T,A[C>T]A,NODE_0000068
T1267C,T1630518C,T[T>C]G,NODE_0000068
C1285T,C1648776T,C[C>T]T,NODE_0000068
T1383G,T1815643G,T[T>G]C,NODE_0000068
C1457T,C1924059T,G[C>T]C,NODE_0000068
T1515C,T2012977C,A[T>C]T,NODE_0000068
T1691G,T2271752G,G[T>G]C,NODE_0000068
C1710T,C2292331T,A[C>T]T,NODE_0000068
C1788T,C2407473T,G[C>T]A,NODE_0000068
C1823T,C2459760T,G[C>T]C,NODE_0000068
C1835T,C2484242T,G[C>T]C,NODE_0000068
C1837T,C2490943T,G[C>T]G,NODE_0000068
C1839A,C2495453A,G[C>A]G,NODE_0000068
T1975C,T2709401C,A[T>C]C,NODE_0000068
C2138T,C2978799T,C[C>T]A,NODE_0000068
C2143T,C2989514T,G[C>T]T,NODE_0000068
C2221A,C3090640A,T[C>A]C,NODE_0000068
C2234T,C3101554T,C[C>T]G,NODE_0000068
C2257A,C3127994A,T[C>A]A,NODE_0000068
C2389T,C3260614T,C[C>T]A,NODE_0000068
C816T,C968881T,G[C>T]G,SRR3672737
C870T,C1086337T,C[C>T]A,SRR3672737
C4T,C1011T,A[C>T]T,NODE_0000073
C29T,C10505T,T[C>T]T,NODE_0000073
C58T,C15985T,A[C>T]C,NODE_0000073
C83T,C22488T,A[C>T]C,NODE_0000073
C100T,C29563T,T[C>T]G,NODE_0000073
C108T,C38202T,G[C>T]G,NODE_0000073
T651C,T687105C,C[T>C]C,NODE_0000073
T808C,T954663C,G[T>C]G,NODE_0000073
T884C,T1113923C,T[T>C]C,NODE_0000073
C924T,C1164291T,G[C>T]G,NODE_0000073
C965T,C1217336T,G[C>T]A,NODE_0000073
C1124A,C1466041A,G[C>A]C,NODE_0000073
C1224G,C1588112G,A[C>G]C,NODE_0000073
C1290A,C1657373A,G[C>A]G,NODE_0000073
C1340T,C1734697T,T[C>T]G,NODE_0000073
C1443A,C1897187A,A[C>A]G,NODE_0000073
T1462G,T1928719G,T[T>G]T,NODE_0000073
C1643T,C2200732T,C[C>T]T,NODE_0000073
T2021C,T2784324C,G[T>C]A,NODE_0000073
C119T,C46416T,A[C>T]A,NODE_0000074
C245T,C200961T,C[C>T]G,NODE_0000074
C773T,C881596T,T[C>T]G,NODE_0000074
T866C,T1077190C,G[T>C]C,NODE_0000074
C2033T,C2814758T,C[C>T]T,NODE_0000074
T2276C,T3165426C,G[T>C]T,NODE_0000074
T447C,T483281C,A[T>C]G,SRR6241740_1
C726T,C797974T,C[C>T]G,SRR6241740_1
C869A,C1086140A,G[C>A]A,SRR6241740_1
C940T,C1185812T,G[C>T]C,SRR6241740_1
C1030T,C1309422T,G[C>T]C,SRR6241740_1
C1060A,C1358191A,C[C>A]A,SRR6241740_1
T1220C,T1587643C,C[T>C]C,SRR6241740_1
C1830T,C2467763T,T[C>T]G,SRR6241740_1
T2195C,T3047105C,T[T>C]T,SRR6241740_1
C137T,C61425T,A[C>T]G,NODE_0000075
C1864T,C2523524T,T[C>T]G,NODE_0000075
T37C,T13392C,G[T>C]G,SRR6241759
C47T,C13994T,A[C>T]C,SRR6241759
C509T,C513760T,T[C>T]T,SRR6241759
C625A,C645008A,C[C>A]G,SRR6241759
T916C,T1160271C,A[T>C]A,SRR6241759
T1069C,T1377178C,A[T>C]G,SRR6241759
C1330G,C1722952G,T[C>G]A,SRR6241759
C1358T,C1775753T,C[C>T]A,SRR6241759
C1625T,C2168173T,T[C>T]G,SRR6241759
C1841G,C2495954G,T[C>G]G,SRR6241759
T2362C,T3252519C,T[T>C]G,SRR6241759
T2127C,T2963977C,G[T>C]T,SRR6241760_1
C2309A,C3211438A,C[C>A]G,SRR6241760_1
C558T,C574639T,C[C>T]G,NODE_0000076
C597T,C623365T,C[C>T]T,NODE_0000076
C711T,C774704T,G[C>T]G,NODE_0000077
C1168G,C1527053G,A[C>G]C,NODE_0000077
T2244C,T3110858C,A[T>C]T,NODE_0000077
C55T,C15658T,C[C>T]A,SRR6241730_1
C99T,C29508T,C[C>T]T,SRR6241730_1
C173T,C103608T,G[C>T]G,SRR6241730_1
T491G,T509308G,A[T>G]C,SRR6241730_1
T620C,T640766C,T[T>C]T,SRR6241730_1
T1033C,T1316222C,C[T>C]T,SRR6241730_1
T1136C,T1486152C,G[T>C]T,SRR6241730_1
C1306T,C1684231T,T[C>T]T,SRR6241730_1
C1563T,C2095800T,A[C>T]A,SRR6241730_1
C1731T,C2320540T,G[C>T]G,SRR6241730_1
C1761T,C2368493T,T[C>T]T,SRR6241730_1
T118C,T45791C,C[T>C]G,NODE_0000079
C849T,C1038669T,T[C>T]G,NODE_0000079
C1114T,C1450888T,G[C>T]C,NODE_0000079
T1980A,T2714879A,G[T>A]T,NODE_0000079
C2245T,C3112669T,G[C>T]A,NODE_0000079
C31T,C12046T,T[C>T]T,SRR6241762_1
T424C,T445671C,C[T>C]G,SRR6241762_1
C1620T,C2165386T,C[C>T]G,SRR6241762_1
C1165G,C1526442G,T[C>G]T,SRR062638
C315T,C305310T,T[C>T]T,NODE_0000081
T486C,T509023C,G[T>C]C,NODE_0000081
C975T,C1223294T,A[C>T]T,NODE_0000081
T1245G,T1600434G,C[T>G]G,NODE_0000081
C1371T,C1797211T,G[C>T]T,NODE_0000081
C1496T,C1983606T,C[C>T]C,NODE_0000081
C79A,C21139A,G[C>A]T,SRR020801
C525T,C530685T,G[C>T]G,SRR020801
C863T,C1070051T,C[C>T]C,SRR020801
C959T,C1206341T,G[C>T]C,SRR020801
C1503T,C1996633T,A[C>T]G,SRR020801
T1589C,T2119392C,G[T>C]G,SRR020801
T1638C,T2184965C,A[T>C]A,SRR020801
T589C,T604177C,A[T>C]C,SRR062543
C1583T,C2116505T,G[C>T]C,SRR062543
C137T,C61425T,A[C>T]G,NODE_0000082
C756T,C848849T,C[C>T]C,NODE_0000082
C588A,C603940A,G[C>A]G,SRR6241741_1
T702C,T760262C,A[T>C]C,SRR6241741_1
C949T,C1199984T,T[C>T]A,SRR6241741_1
C1015T,C1279241T,G[C>T]G,SRR6241741_1
T1166C,T1526811C,T[T>C]G,SRR6241741_1
T1190G,T1549232G,G[T>G]C,SRR6241741_1
C1286T,C1649184T,G[C>T]T,SRR6241741_1
T1433G,T1879355G,T[T>G]C,SRR6241741_1
T1715C,T2301200C,T[T>C]G,SRR6241741_1
C2132G,C2970425G,T[C>G]G,SRR6241741_1
C2240T,C3105757T,G[C>T]T,SRR6241741_1
C2253T,C3124475T,C[C>T]C,SRR6241741_1
C295A,C272679A,C[C>A]G,NODE_0000083
C1311T,C1692166T,T[C>T]C,NODE_0000083
C1418T,C1850647T,C[C>T]G,NODE_0000083
C1430T,C1871085T,C[C>T]C,NODE_0000083
C1613T,C2142058T,T[C>T]T,NODE_0000083
C1930T,C2623016T,C[C>T]A,NODE_0000083
C1006T,C1269831T,T[C>T]G,SRR6241763_1
C307T,C290138T,G[C>T]A,SRR6241748_1
C6T,C1834T,T[C>T]T,SRR6241727
C16T,C7589T,G[C>T]A,SRR6241727
C23T,C8628T,C[C>T]C,SRR6241727
C24T,C9006T,G[C>T]A,SRR6241727
C44T,C13945T,T[C>T]G,SRR6241727
C61T,C16736T,G[C>T]G,SRR6241727
C62T,C16900T,A[C>T]A,SRR6241727
C65T,C17427T,C[C>T]C,SRR6241727
C90T,C24901T,G[C>T]C,SRR6241727
C98T,C29460T,G[C>T]G,SRR6241727
C127T,C53300T,G[C>T]A,SRR6241727
C160T,C88468T,C[C>T]A,SRR6241727
C167T,C94610T,C[C>T]A,SRR6241727
C169T,C99564T,G[C>T]C,SRR6241727
C170T,C99842T,T[C>T]G,SRR6241727
C178T,C108819T,T[C>T]A,SRR6241727
C202T,C138838T,A[C>T]G,SRR6241727
C232T,C178960T,G[C>T]A,SRR6241727
C241T,C193963T,C[C>T]A,SRR6241727
C273T,C249655T,G[C>T]A,SRR6241727
C274T,C252460T,A[C>T]G,SRR6241727
C297T,C276794T,T[C>T]A,SRR6241727
C304T,C287929T,G[C>T]A,SRR6241727
C306T,C290076T,T[C>T]C,SRR6241727
C311T,C296859T,C[C>T]C,SRR6241727
C348T,C347830T,C[C>T]A,SRR6241727
C394T,C410510T,G[C>T]A,SRR6241727
C420T,C440586T,A[C>T]A,SRR6241727
C455T,C494266T,T[C>T]A,SRR6241727
C456T,C494564T,C[C>T]C,SRR6241727
C467T,C502707T,T[C>T]T,SRR6241727
C484T,C509007T,C[C>T]G,SRR6241727
C518T,C524788T,G[C>T]G,SRR6241727
C532T,C536290T,A[C>T]C,SRR6241727
C539T,C546735T,A[C>T]C,SRR6241727
C545T,C562607T,G[C>T]A,SRR6241727
C550T,C568846T,G[C>T]C,SRR6241727
C554T,C572105T,G[C>T]A,SRR6241727
C575T,C587629T,C[C>T]A,SRR6241727
C585T,C601372T,A[C>T]A,SRR6241727
C592T,C611792T,C[C>T]C,SRR6241727
C600T,C624645T,C[C>T]A,SRR6241727
C609T,C632146T,G[C>T]G,SRR6241727
C627T,C652259T,C[C>T]A,SRR6241727
C637T,C664102T,C[C>T]T,SRR6241727
C646T,C683332T,G[C>T]G,SRR6241727
C721T,C787075T,T[C>T]A,SRR6241727
C742T,C829444T,T[C>T]A,SRR6241727
C749T,C836567T,T[C>T]A,SRR6241727
C760T,C855414T,C[C>T]A,SRR6241727
C795T,C927841T,A[C>T]A,SRR6241727
C811T,C958023T,G[C>T]A,SRR6241727
C846T,C1027044T,G[C>T]A,SRR6241727
C857T,C1061926T,G[C>T]G,SRR6241727
C886T,C1116205T,G[C>T]G,SRR6241727
C890T,C1123570T,A[C>T]G,SRR6241727
C898T,C1136146T,A[C>T]A,SRR6241727
C910T,C1151605T,C[C>T]C,SRR6241727
C914T,C1157484T,A[C>T]A,SRR6241727
C932T,C1177237T,G[C>T]C,SRR6241727
C938T,C1185229T,T[C>T]C,SRR6241727
C945T,C1194853T,G[C>T]A,SRR6241727
C948T,C1198126T,T[C>T]G,SRR6241727
C950T,C1203135T,C[C>T]A,SRR6241727
C968T,C1219026T,G[C>T]C,SRR6241727
C1009T,C1275092T,A[C>T]A,SRR6241727
C1034T,C1321648T,G[C>T]G,SRR6241727
C1041T,C1338518T,G[C>T]A,SRR6241727
C1059T,C1355640T,C[C>T]A,SRR6241727
C1132T,C1482886T,C[C>T]C,SRR6241727
C1133T,C1484682T,A[C>T]G,SRR6241727
C1159T,C1521064T,C[C>T]A,SRR6241727
C1178T,C1533280T,G[C>T]A,SRR6241727
C1236T,C1598908T,G[C>T]C,SRR6241727
C1252T,C1607255T,A[C>T]A,SRR6241727
C1276T,C1640098T,G[C>T]A,SRR6241727
C1322T,C1706535T,A[C>T]A,SRR6241727
C1333T,C1723743T,G[C>T]A,SRR6241727
C1373T,C1797365T,G[C>T]G,SRR6241727
C1379T,C1808331T,C[C>T]C,SRR6241727
C1402T,C1827789T,A[C>T]A,SRR6241727
C1410T,C1834456T,G[C>T]G,SRR6241727
C1432T,C1874740T,G[C>T]G,SRR6241727
C1450T,C1910405T,G[C>T]A,SRR6241727
C1455T,C1921815T,C[C>T]C,SRR6241727
C1474T,C1943188T,G[C>T]T,SRR6241727
C1482T,C1956575T,G[C>T]G,SRR6241727
C1514T,C2011824T,C[C>T]C,SRR6241727
C1533T,C2043197T,G[C>T]G,SRR6241727
C1550T,C2075505T,A[C>T]T,SRR6241727
C1556T,C2086969T,G[C>T]A,SRR6241727
C1572T,C2111627T,A[C>T]A,SRR6241727
C1600T,C2124300T,G[C>T]A,SRR6241727
C1603T,C2127362T,G[C>T]A,SRR6241727
C1611T,C2138711T,T[C>T]A,SRR6241727
C1619T,C2159412T,C[C>T]A,SRR6241727
C1631T,C2175970T,G[C>T]A,SRR6241727
C1634T,C2182111T,T[C>T]C,SRR6241727
C1635T,C2182349T,G[C>T]G,SRR6241727
C1639T,C2186579T,A[C>T]C,SRR6241727
C1665T,C2230788T,A[C>T]A,SRR6241727
C1686T,C2269447T,T[C>T]C,SRR6241727
C1690T,C2270815T,T[C>T]G,SRR6241727
C1697T,C2275455T,C[C>T]A,SRR6241727
C1698T,C2275463T,G[C>T]C,SRR6241727
C1699T,C2275508T,A[C>T]C,SRR6241727
C1700T,C2275921T,A[C>T]A,SRR6241727
C1704T,C2279187T,T[C>T]T,SRR6241727
C1732T,C2322095T,G[C>T]A,SRR6241727
C1741T,C2338977T,G[C>T]C,SRR6241727
C1766T,C2372491T,A[C>T]C,SRR6241727
C1768T,C2373753T,G[C>T]G,SRR6241727
C1782T,C2401543T,T[C>T]C,SRR6241727
C1792T,C2412858T,T[C>T]C,SRR6241727
C1794T,C2416227T,C[C>T]A,SRR6241727
C1847T,C2500299T,G[C>T]T,SRR6241727
C1849T,C2506063T,C[C>T]C,SRR6241727
C1858T,C2517350T,T[C>T]A,SRR6241727
C1866T,C2527082T,A[C>T]C,SRR6241727
C1886T,C2548729T,T[C>T]C,SRR6241727
C1896T,C2559921T,C[C>T]A,SRR6241727
C1899T,C2562238T,G[C>T]A,SRR6241727
C1902T,C2567003T,A[C>T]C,SRR6241727
C1919T,C2591427T,A[C>T]C,SRR6241727
C1928T,C2619119T,G[C>T]G,SRR6241727
C1929T,C2619127T,C[C>T]T,SRR6241727
C1941T,C2641647T,A[C>T]C,SRR6241727
C1956T,C2666554T,T[C>T]G,SRR6241727
C1962T,C2675649T,A[C>T]C,SRR6241727
C1981T,C2717037T,G[C>T]A,SRR6241727
C1986T,C2721297T,C[C>T]C,SRR6241727
C1987A,C2725968A,T[C>A]T,SRR6241727
C1992T,C2728267T,T[C>T]A,SRR6241727
C1998T,C2735875T,T[C>T]G,SRR6241727
C2014T,C2776078T,C[C>T]A,SRR6241727
C2031T,C2810868T,G[C>T]C,SRR6241727
T2039C,T2820167C,C[T>C]T,SRR6241727
C2097T,C2920676T,T[C>T]A,SRR6241727
C2108T,C2927205T,G[C>T]G,SRR6241727
C2111T,C2930507T,T[C>T]A,SRR6241727
C2149T,C2998109T,C[C>T]G,SRR6241727
C2154T,C3002428T,C[C>T]A,SRR6241727
C2159T,C3009181T,T[C>T]A,SRR6241727
C2164T,C3013762T,G[C>T]A,SRR6241727
C2197T,C3048201T,G[C>T]T,SRR6241727
C2207T,C3059634T,A[C>T]C,SRR6241727
C2241T,C3106332T,T[C>T]A,SRR6241727
C2256G,C3127552G,C[C>G]G,SRR6241727
C2269T,C3152531T,T[C>T]A,SRR6241727
C2282T,C3177411T,C[C>T]A,SRR6241727
C2284T,C3180456T,G[C>T]G,SRR6241727
C2299T,C3197135T,G[C>T]A,SRR6241727
C2321T,C3224891T,G[C>T]A,SRR6241727
C2338T,C3237133T,G[C>T]A,SRR6241727
C823T,C978343T,T[C>T]C,NODE_0000086
C1100A,C1432847A,G[C>A]T,NODE_0000086
T2079C,T2891700C,G[T>C]C,NODE_0000086
C1T,C73T,C[C>T]A,NODE_0000087
C171T,C100574T,A[C>T]A,NODE_0000087
T331C,T330125C,G[T>C]C,NODE_0000087
C1459T,C1926696T,G[C>T]G,NODE_0000087
C1516G,C2015320G,C[C>G]T,NODE_0000087
C2113A,C2935685A,G[C>A]G,NODE_0000087
C2350T,C3243731T,G[C>T]G,NODE_0000087
C2356T,C3248058T,A[C>T]C,NODE_0000087
C89T,C24864T,C[C>T]C,NODE_0000088
C104T,C31049T,G[C>T]G,NODE_0000088
C105T,C31839T,C[C>T]G,NODE_0000088
T113C,T44180C,A[T>C]C,NODE_0000088
C130T,C58052T,A[C>T]G,NODE_0000088
C179T,C109458T,G[C>T]G,NODE_0000088
C206T,C143526T,T[C>T]G,NODE_0000088
T215C,T157316C,G[T>C]C,NODE_0000088
T228A,T172071A,A[T>A]C,NODE_0000088
C229A,C172074A,G[C>A]A,NODE_0000088
C243T,C198100T,G[C>T]C,NODE_0000088
C259T,C227221T,G[C>T]A,NODE_0000088
C269T,C243814T,G[C>T]C,NODE_0000088
C330A,C329782A,G[C>A]T,NODE_0000088
C354A,C360757A,A[C>A]C,NODE_0000088
C454T,C493800T,C[C>T]C,NODE_0000088
C531T,C535525T,A[C>T]A,NODE_0000088
C611A,C632664A,A[C>A]G,NODE_0000088
T712G,T779155G,A[T>G]A,NODE_0000088
T769C,T875024C,C[T>C]A,NODE_0000088
C835A,C1004509A,T[C>A]C,NODE_0000088
T877C,T1099959C,A[T>C]G,NODE_0000088
T1105C,T1441117C,G[T>C]C,NODE_0000088
T1164C,T1524866C,C[T>C]G,NODE_0000088
C1189T,C1549170T,C[C>T]G,NODE_0000088
C1191T,C1550809T,T[C>T]C,NODE_0000088
C1289G,C1655871G,G[C>G]A,NODE_0000088
C1300T,C1676807T,T[C>T]G,NODE_0000088
C1407T,C1831474T,T[C>T]T,NODE_0000088
C1476T,C1944887T,C[C>T]C,NODE_0000088
C1723T,C2316170T,G[C>T]C,NODE_0000088
C1877A,C2539154A,G[C>A]G,NODE_0000088
C1932T,C2629972T,A[C>T]G,NODE_0000088
C1938T,C2638726T,A[C>T]C,NODE_0000088
C1996T,C2732377T,A[C>T]A,NODE_0000088
C2000T,C2737436T,G[C>T]A,NODE_0000088
C2020T,C2782332T,C[C>T]G,NODE_0000088
C2033T,C2814758T,C[C>T]T,NODE_0000088
C2296A,C3192594A,A[C>A]G,NODE_0000088
C2355T,C3246122T,C[C>T]A,NODE_0000088
C2358T,C3248325T,C[C>T]T,NODE_0000088
C32T,C12168T,T[C>T]T,NODE_0000089
C103T,C31044T,T[C>T]A,NODE_0000089
C176T,C105750T,C[C>T]G,NODE_0000089
C294T,C271305T,C[C>T]G,NODE_0000089
C480G,C508887G,T[C>G]C,NODE_0000089
T563C,T580653C,A[T>C]C,NODE_0000089
T606C,T629267C,A[T>C]A,NODE_0000089
C628T,C655022T,C[C>T]A,NODE_0000089
C640T,C670350T,A[C>T]A,NODE_0000089
T651C,T687105C,C[T>C]C,NODE_0000089
C805T,C951578T,C[C>T]A,NODE_0000089
C882T,C1112481T,G[C>T]C,NODE_0000089
C1195A,C1554200A,G[C>A]A,NODE_0000089
C1270A,C1635769A,T[C>A]C,NODE_0000089
C1552T,C2079831T,A[C>T]C,NODE_0000089
C1772A,C2378802A,A[C>A]G,NODE_0000089
C2252A,C3121982A,G[C>A]G,NODE_0000089
C375T,C385342T,G[C>T]T,SRR6241801_1
T430C,T460220C,A[T>C]G,SRR6241801_1
C1226T,C1589513T,A[C>T]C,SRR6241801_1
C1911A,C2575956A,A[C>A]G,SRR6241801_1
C2206G,C3058277G,C[C>G]G,SRR6241801_1
C459G,C495765G,T[C>G]G,SRR6241818_1
C629T,C655527T,T[C>T]G,SRR6241818_1
C1850A,C2507976A,C[C>A]G,SRR6241818_1
C1860T,C2519447T,G[C>T]A,SRR6241818_1
T1577C,T2115793C,T[T>C]A,NODE_0000090
C2117T,C2943033T,A[C>T]T,NODE_0000090
C272A,C246415A,T[C>A]A,NODE_0000091
C338A,C338245A,A[C>A]C,NODE_0000091
C418A,C439405A,C[C>A]A,NODE_0000091
C481T,C508890T,A[C>T]T,NODE_0000091
C524A,C530196A,G[C>A]C,NODE_0000091
T623G,T642509G,A[T>G]A,NODE_0000091
C734T,C811418T,T[C>T]G,NODE_0000091
C737T,C815702T,C[C>T]G,NODE_0000091
C899T,C1136166T,G[C>T]T,NODE_0000091
T1048G,T1347131G,G[T>G]G,NODE_0000091
C1122T,C1462261T,G[C>T]G,NODE_0000091
C1343G,C1739651G,A[C>G]T,NODE_0000091
C1737T,C2328799T,C[C>T]G,NODE_0000091
T2170C,T3020036C,G[T>C]C,NODE_0000091
T2212C,T3072035C,A[T>C]C,NODE_0000091
C2246A,C3112924A,T[C>A]T,NODE_0000091
C2335T,C3236238T,C[C>T]G,NODE_0000091
C498A,C509564A,T[C>A]G,SRR6241724_1
C514G,C521924G,C[C>G]A,SRR6241724_1
T608A,T630185A,G[T>A]G,SRR6241724_1
C1097T,C1427579T,T[C>T]A,SRR6241724_1
C1217A,C1584281A,T[C>A]G,SRR6241724_1
C2260T,C3134278T,C[C>T]C,SRR6241724_1
C2345T,C3242553T,C[C>T]C,SRR6241724_1
C2368T,C3254905T,T[C>T]C,SRR6241724_1
C52T,C14773T,C[C>T]A,NODE_0000092
C101T,C30886T,C[C>T]A,NODE_0000092
C601T,C625399T,G[C>T]C,NODE_0000092
C675T,C723607T,A[C>T]G,NODE_0000092
C766G,C871694G,T[C>G]A,NODE_0000092
C1181T,C1541444T,G[C>T]A,NODE_0000092
C2176T,C3024730T,T[C>T]T,NODE_0000092
C2181T,C3029450T,A[C>T]A,NODE_0000092
C7T,C2251T,C[C>T]G,SRR6241707_1
C91T,C25118T,C[C>T]G,SRR6241707_1
C1394G,C1823500G,A[C>G]C,SRR6241707_1
T1440C,T1890364C,A[T>C]A,SRR6241707_1
C1664G,C2224340G,A[C>G]G,SRR6241707_1
C1760A,C2367360A,T[C>A]G,SRR6241707_1
C5T,C1113T,T[C>T]C,SRR6241816_1
C475T,C508459T,G[C>T]G,SRR6241816_1
T727C,T798233C,G[T>C]G,SRR6241816_1
T1405C,T1829704C,A[T>C]C,SRR6241816_1
C2019T,C2781723T,G[C>T]C,SRR6241816_1
C2140T,C2979916T,G[C>T]C,SRR6241816_1
T246A,T201294A,G[T>A]C,SRR6241797_1
T454C,T493800C,C[T>C]C,SRR6241797_1
T568G,T585169G,G[T>G]A,SRR6241797_1
T632G,T659627G,C[T>G]T,SRR6241797_1
T971C,T1219280C,G[T>C]C,SRR6241797_1
C1055T,C1351316T,G[C>T]C,SRR6241797_1
C1240A,C1599008A,C[C>A]G,SRR6241797_1
C1387A,C1821106A,T[C>A]C,SRR6241797_1
C1594A,C2121378A,T[C>A]G,SRR6241797_1
C201T,C138429T,A[C>T]T,SRR6241820_1
T1023C,T1292039C,A[T>C]T,SRR6241820_1
C1461A,C1926948A,A[C>A]A,SRR6241820_1
C2134T,C2977121T,C[C>T]T,SRR6241820_1
T501C,T509647C,G[T>C]T,NODE_0000095
C63A,C17116A,T[C>A]A,SRR6241714_1
C768T,C874923T,G[C>T]T,SRR6241714_1
C1078G,C1393203G,A[C>G]G,SRR6241714_1
C1162T,C1523629T,C[C>T]A,SRR6241714_1
T1216C,T1584226C,A[T>C]A,SRR6241714_1
C1248T,C1602656T,T[C>T]G,SRR6241714_1
T1750G,T2347173G,T[T>G]C,SRR6241714_1
T1995A,T2731686A,A[T>A]C,SRR6241714_1
C2074G,C2881650G,T[C>G]G,SRR6241714_1
C182A,C112800A,C[C>A]T,SRR6241709_1
T482G,T508897G,G[T>G]C,SRR6241709_1
C523T,C528937T,G[C>T]T,SRR6241709_1
C1037T,C1324965T,C[C>T]T,SRR6241709_1
T1143A,T1499386A,C[T>A]T,SRR6241709_1
C1196A,C1555969A,A[C>A]G,SRR6241709_1
C1505G,C2000695G,G[C>G]T,SRR6241709_1
C1587T,C2118275T,T[C>T]G,SRR6241709_1
C1727T,C2317831T,A[C>T]A,SRR6241709_1
C1745T,C2344305T,A[C>T]C,SRR6241709_1
C1802T,C2427412T,T[C>T]G,SRR6241709_1
C2262T,C3138592T,G[C>T]T,SRR6241709_1
T133G,T60096G,A[T>G]C,SRR6241712_1
C638T,C667327T,G[C>T]A,SRR6241712_1
C700T,C759398T,C[C>T]G,SRR6241712_1
C728T,C800082T,C[C>T]G,SRR6241712_1
C762T,C863052T,T[C>T]T,SRR6241712_1
T785C,T896448C,C[T>C]C,SRR6241712_1
C962T,C1214063T,G[C>T]G,SRR6241712_1
C1730A,C2320316A,A[C>A]A,SRR6241712_1
C1846T,C2499090T,T[C>T]G,SRR6241712_1
C1961T,C2673557T,G[C>T]T,SRR6241712_1
C2018T,C2780953T,C[C>T]A,SRR6241712_1
C2363A,C3253079A,A[C>A]C,SRR6241712_1
C2393T,C3262000T,C[C>T]G,SRR6241712_1
C198G,C134174G,A[C>G]A,NODE_0000098
C285T,C264155T,C[C>T]G,NODE_0000098
C473T,C506775T,C[C>T]T,NODE_0000098
C716G,C780178G,G[C>G]A,NODE_0000098
C1315A,C1702241A,A[C>A]T,NODE_0000098
T1326C,T1713535C,G[T>C]G,NODE_0000098
C1542A,C2059735A,A[C>A]G,NODE_0000098
T1562C,T2094305C,C[T>C]C,NODE_0000098
C2102T,C2925514T,C[C>T]T,NODE_0000098
C2233T,C3101129T,G[C>T]T,NODE_0000098
C879G,C1104232G,C[C>G]C,NODE_0000099
C2007T,C2751783T,C[C>T]T,NODE_0000099
C92T,C25414T,G[C>T]C,NODE_0000100
C200T,C134941T,G[C>T]G,NODE_0000100
C275T,C253623T,T[C>T]A,NODE_0000100
C317A,C305588A,G[C>A]G,NODE_0000100
T352C,T359712C,C[T>C]G,NODE_0000100
C355G,C361077G,A[C>G]G,NODE_0000100
T425G,T447641G,C[T>G]A,NODE_0000100
T431G,T462253G,T[T>G]C,NODE_0000100
C517T,C523810T,A[C>T]A,NODE_0000100
C536A,C537503A,G[C>A]C,NODE_0000100
T547C,T567876C,C[T>C]A,NODE_0000100
C579T,C593238T,C[C>T]G,NODE_0000100
C853T,C1049362T,A[C>T]G,NODE_0000100
T901G,T1139017G,A[T>G]G,NODE_0000100
C936A,C1181581A,T[C>A]A,NODE_0000100
C1035G,C1321662G,C[C>G]C,NODE_0000100
T1249C,T1604320C,A[T>C]C,NODE_0000100
T1273C,T1637525C,C[T>C]A,NODE_0000100
C1321T,C1706314T,G[C>T]T,NODE_0000100
C1426T,C1864594T,G[C>T]A,NODE_0000100
C1484T,C1963524T,G[C>T]T,NODE_0000100
T1645C,T2202139C,A[T>C]C,NODE_0000100
T1834C,T2472818C,C[T>C]G,NODE_0000100
C1843T,C2498281T,G[C>T]G,NODE_0000100
T1878G,T2542188G,G[T>G]T,NODE_0000100
C1887T,C2551216T,T[C>T]C,NODE_0000100
C1900A,C2562756A,G[C>A]T,NODE_0000100
C1949T,C2654119T,T[C>T]C,NODE_0000100
C2027T,C2805348T,C[C>T]C,NODE_0000100
C2088T,C2901641T,T[C>T]A,NODE_0000100
C2092T,C2912632T,G[C>T]A,NODE_0000100
C2105G,C2927083G,G[C>G]C,NODE_0000100
C2131G,C2970026G,T[C>G]A,NODE_0000100
C2216T,C3076110T,C[C>T]T,NODE_0000100
C2230G,C3099556G,A[C>G]C,NODE_0000100
C2271T,C3154514T,C[C>T]C,NODE_0000100
C2279G,C3174359G,C[C>G]G,NODE_0000100
C2287T,C3183835T,C[C>T]C,NODE_0000100
C2290T,C3189772T,G[C>T]G,NODE_0000100
C2374T,C3257070T,T[C>T]T,NODE_0000100
C2382T,C3258764T,A[C>T]C,NODE_0000100
C2183T,C3030727T,G[C>T]T,SRR6241821_1
C112G,C42450G,C[C>G]G,SRR6241713_1
C162T,C92561T,G[C>T]G,SRR6241713_1
C168T,C97110T,G[C>T]T,SRR6241713_1
C1581T,C2116146T,G[C>T]G,SRR6241713_1
C1716T,C2306782T,A[C>T]G,SRR6241713_1
C2378T,C3258006T,T[C>T]A,SRR6241713_1
C744T,C832152T,T[C>T]G,NODE_0000101
C818A,C972005A,A[C>A]C,NODE_0000101
C1042T,C1339813T,A[C>T]G,NODE_0000101
C1512A,C2011747A,G[C>A]G,NODE_0000101
C2235A,C3102778A,T[C>A]T,NODE_0000101
C124T,C48732T,C[C>T]G,NODE_0000102
C400T,C421565T,A[C>T]T,NODE_0000102
C549A,C568787A,G[C>A]C,NODE_0000102
C754T,C848261T,C[C>T]A,NODE_0000102
C777T,C889482T,G[C>T]T,NODE_0000102
C1436T,C1886221T,G[C>T]A,NODE_0000102
C1493T,C1974673T,T[C>T]G,NODE_0000102
C1544T,C2061910T,G[C>T]G,NODE_0000102
C1674T,C2238680T,A[C>T]A,NODE_0000102
C2316A,C3219733A,G[C>A]A,NODE_0000102
C2337T,C3236317T,G[C>T]T,NODE_0000102
T2360C,T3250524C,A[T>C]C,NODE_0000102
C1937T,C2634931T,A[C>T]T,NODE_0000103
C9T,C4972T,G[C>T]A,SRR6241819_1
C14T,C6864T,G[C>T]T,SRR6241819_1
T38A,T13412A,A[T>A]T,SRR6241819_1
C268A,C242535A,A[C>A]C,SRR6241819_1
C350T,C351592T,G[C>T]G,SRR6241819_1
C372T,C382768T,G[C>T]G,SRR6241819_1
C416T,C434910T,G[C>T]A,SRR6241819_1
C918T,C1160549T,G[C>T]C,SRR6241819_1
C969T,C1219170T,G[C>T]C,SRR6241819_1
C1225T,C1589405T,G[C>T]C,SRR6241819_1
T1341C,T1736618C,G[T>C]G,SRR6241819_1
C1454T,C1921299T,C[C>T]T,SRR6241819_1
C1543G,C2060909G,G[C>G]C,SRR6241819_1
C1651G,C2211668G,A[C>G]C,SRR6241819_1
C1677A,C2254419A,G[C>A]A,SRR6241819_1
C1780T,C2397601T,T[C>T]G,SRR6241819_1
T1856C,T2517097C,C[T>C]G,SRR6241819_1
C1915T,C2581920T,G[C>T]G,SRR6241819_1
C2040T,C2820651T,G[C>T]G,SRR6241819_1
C2041G,C2820656G,G[C>G]A,SRR6241819_1
C2110T,C2930363T,A[C>T]C,SRR6241819_1
T2188C,T3039197C,A[T>C]A,SRR6241819_1
C2294T,C3191366T,A[C>T]C,SRR6241819_1
T2359C,T3248674C,A[T>C]A,SRR6241819_1
C951A,C1204116A,A[C>A]T,NODE_0000104
C1816A,C2444740A,A[C>A]C,NODE_0000104
C25T,C9381T,A[C>T]G,SRR6241825_1
C73T,C19469T,A[C>T]C,SRR6241825_1
C132T,C59871T,A[C>T]G,SRR6241825_1
C157T,C84592T,A[C>T]G,SRR6241825_1
C242G,C195729G,C[C>G]G,SRR6241825_1
T385C,T402525C,G[T>C]T,SRR6241825_1
T391G,T408726G,C[T>G]T,SRR6241825_1
C493A,C509349A,A[C>A]T,SRR6241825_1
C529T,C534053T,T[C>T]G,SRR6241825_1
C676T,C726698T,C[C>T]C,SRR6241825_1
C817G,C970688G,T[C>G]C,SRR6241825_1
C858T,C1063852T,G[C>T]A,SRR6241825_1
C876T,C1096632T,G[C>T]G,SRR6241825_1
C964G,C1216243G,C[C>G]A,SRR6241825_1
C1057T,C1354142T,C[C>T]A,SRR6241825_1
T1167A,T1527043A,C[T>A]C,SRR6241825_1
C1170T,C1530418T,T[C>T]C,SRR6241825_1
C1197T,C1556439T,T[C>T]G,SRR6241825_1
C1208T,C1573882T,G[C>T]G,SRR6241825_1
C1427T,C1865527T,A[C>T]G,SRR6241825_1
C1481A,C1950308A,A[C>A]C,SRR6241825_1
C1517A,C2017391A,A[C>A]C,SRR6241825_1
T1539C,T2051791C,T[T>C]C,SRR6241825_1
C1679T,C2262702T,G[C>T]G,SRR6241825_1
C1692T,C2272951T,G[C>T]T,SRR6241825_1
C1964T,C2682294T,G[C>T]G,SRR6241825_1
C1965G,C2684275G,G[C>G]G,SRR6241825_1
C1971G,C2704470G,A[C>G]C,SRR6241825_1
C2116T,C2940623T,G[C>T]T,SRR6241825_1
T2242C,T3108130C,G[T>C]G,SRR6241825_1
C2267T,C3149323T,T[C>T]A,SRR6241825_1
C56T,C15809T,A[C>T]C,NODE_0000105
C256A,C225796A,A[C>A]G,NODE_0000105
C384T,C401572T,T[C>T]A,NODE_0000105
C419G,C440223G,T[C>G]G,NODE_0000105
C730G,C807258G,T[C>G]A,NODE_0000105
C791T,C913053T,T[C>T]T,NODE_0000105
C944T,C1193754T,A[C>T]G,NODE_0000105
C1102T,C1436917T,C[C>T]G,NODE_0000105
C1107T,C1442832T,G[C>T]C,NODE_0000105
C1173T,C1532011T,T[C>T]C,NODE_0000105
C1362A,C1783048A,G[C>A]T,NODE_0000105
T1683C,T2268391C,G[T>C]C,NODE_0000105
T1705G,T2283226G,A[T>G]C,NODE_0000105
C1873T,C2536266T,C[C>T]A,NODE_0000105
C2081T,C2892788T,C[C>T]T,NODE_0000105
C2118G,C2945493G,A[C>G]T,NODE_0000105
C189T,C120632T,G[C>T]C,SRR6241824_1
C468T,C502886T,T[C>T]G,SRR6241824_1
C481G,C508890G,A[C>G]T,SRR6241824_1
C748T,C836100T,C[C>T]C,SRR6241824_1
C784T,C893652T,A[C>T]C,SRR6241824_1
C820T,C977985T,G[C>T]G,SRR6241824_1
C1058T,C1355211T,C[C>T]T,SRR6241824_1
C1065T,C1374268T,G[C>T]G,SRR6241824_1
C1511A,C2007300A,A[C>A]G,SRR6241824_1
C464T,C502629T,G[C>T]G,SRR6241822_1
C506A,C511128A,T[C>A]T,SRR6241822_1
C838G,C1008847G,C[C>G]G,SRR6241822_1
C843T,C1020193T,C[C>T]G,SRR6241822_1
C1271T,C1636365T,T[C>T]C,SRR6241822_1
C1501T,C1993415T,G[C>T]T,SRR6241822_1
C8T,C4513T,A[C>T]C,NODE_0000106
C72T,C19452T,A[C>T]C,NODE_0000106
C96T,C28397T,A[C>T]G,NODE_0000106
T411G,T432335G,A[T>G]T,NODE_0000106
C469T,C503410T,G[C>T]C,NODE_0000106
C596T,C622594T,G[C>T]C,NODE_0000106
C680G,C730349G,T[C>G]A,NODE_0000106
C714T,C779532T,A[C>T]G,NODE_0000106
C821T,C978006T,G[C>T]G,NODE_0000106
C854G,C1054139G,G[C>G]G,NODE_0000106
C878A,C1102899A,A[C>A]G,NODE_0000106
C900T,C1137803T,G[C>T]C,NODE_0000106
C907G,C1146873G,G[C>G]G,NODE_0000106
C1207T,C1572227T,T[C>T]T,NODE_0000106
T1244C,T1600049C,A[T>C]G,NODE_0000106
T1528C,T2033094C,A[T>C]C,NODE_0000106
C1684T,C2269376T,G[C>T]G,NODE_0000106
C1724T,C2316360T,G[C>T]C,NODE_0000106
C1862T,C2521135T,C[C>T]A,NODE_0000106
T2100G,T2924106G,T[T>G]C,NODE_0000106
C94T,C27730T,T[C>T]C,NODE_0000107
C673T,C719785T,T[C>T]T,NODE_0000107
C1160G,C1522161G,A[C>G]C,NODE_0000107
C1463T,C1929998T,G[C>T]A,NODE_0000107
C1865T,C2523711T,T[C>T]C,NODE_0000107
C2366T,C3254860T,A[C>T]C,NODE_0000107
C187G,C118588G,G[C>G]G,SRR6241710_1
C437T,C469181T,G[C>T]G,SRR6241710_1
C1081G,C1399818G,C[C>G]C,SRR6241710_1
C1399T,C1826735T,C[C>T]T,SRR6241710_1
C30G,C10660G,C[C>G]C,SRR6241817_1
T270C,T245137C,A[T>C]G,SRR6241817_1
C446T,C482616T,T[C>T]C,SRR6241817_1
C825T,C978857T,G[C>T]A,SRR6241817_1
C1559T,C2090355T,G[C>T]C,SRR6241817_1
C1813A,C2439726A,G[C>A]T,SRR6241817_1
C2341T,C3240327T,G[C>T]G,SRR6241817_1
C2380T,C3258639T,G[C>T]G,SRR6241817_1
C137T,C61425T,A[C>T]G,SRR6241752
C227A,C171625A,T[C>A]C,SRR6241752
C289T,C267448T,C[C>T]G,SRR6241752
C634T,C661157T,A[C>T]C,SRR6241752
C698G,C755861G,T[C>G]G,SRR6241752
C733T,C810966T,A[C>T]C,SRR6241752
C855A,C1058290A,T[C>A]A,SRR6241752
C1027T,C1305482T,G[C>T]C,SRR6241752
C1222T,C1587715T,C[C>T]C,SRR6241752
T1230C,T1592965C,G[T>C]A,SRR6241752
C1346G,C1742814G,A[C>G]A,SRR6241752
T1456G,T1924039G,T[T>G]C,SRR6241752
C1520T,C2020396T,G[C>T]T,SRR6241752
T1654G,T2214348G,T[T>G]G,SRR6241752
T1787C,T2403853C,G[T>C]C,SRR6241752
C1791G,C2408840G,T[C>G]G,SRR6241752
C1907T,C2574004T,T[C>T]C,SRR6241752
C1946G,C2649949G,T[C>G]G,SRR6241752
C1967T,C2691476T,C[C>T]C,SRR6241752
C2052T,C2850226T,T[C>T]G,SRR6241752
C2232T,C3100920T,G[C>T]C,SRR6241752
T2250C,T3120057C,G[T>C]G,SRR6241752
C2302T,C3203925T,A[C>T]T,SRR6241752
C2339G,C3238806G,G[C>G]G,SRR6241752
C2403T,C3265832T,T[C>T]G,SRR6241752
T196A,T129046A,T[T>A]G,NODE_0000109
T2208C,T3059918C,T[T>C]G,NODE_0000109
C39G,C13482G,G[C>G]C,SRR6241751
C143G,C64579G,T[C>G]G,SRR6241751
C413G,C434161G,T[C>G]T,SRR6241751
C423A,C444912A,G[C>A]C,SRR6241751
C582T,C595025T,G[C>T]G,SRR6241751
C616T,C639419T,T[C>T]G,SRR6241751
T720A,T786800A,G[T>A]T,SRR6241751
C722T,C787589T,C[C>T]T,SRR6241751
C1002G,C1257639G,A[C>G]T,SRR6241751
C1021T,C1290820T,G[C>T]A,SRR6241751
C1335T,C1724850T,T[C>T]T,SRR6241751
C1397G,C1824123G,G[C>G]G,SRR6241751
T1601C,T2124808C,G[T>C]G,SRR6241751
C1754T,C2352947T,G[C>T]T,SRR6241751
C1779T,C2395822T,C[C>T]G,SRR6241751
T1931A,T2623960A,A[T>A]T,SRR6241751
T2139C,T2979682C,G[T>C]G,SRR6241751
C2194A,C3045347A,T[C>A]G,SRR6241751
C2310T,C3212666T,T[C>T]A,SRR6241751
C659T,C693988T,G[C>T]C,NODE_0000110
T761C,T859130C,G[T>C]T,NODE_0000110
C1135T,C1485320T,G[C>T]A,NODE_0000110
C1370T,C1795080T,C[C>T]T,NODE_0000110
C1870T,C2531544T,T[C>T]T,NODE_0000110
C2305T,C3210192T,A[C>T]C,NODE_0000110
C50T,C14602T,T[C>T]A,SRR6241716_1
C139T,C61710T,C[C>T]A,SRR6241716_1
T250C,T213601C,T[T>C]T,SRR6241716_1
C303T,C286608T,T[C>T]G,SRR6241716_1
C370T,C377137T,A[C>T]A,SRR6241716_1
T739C,T819272C,C[T>C]C,SRR6241716_1
C883A,C1112670A,G[C>A]T,SRR6241716_1
T925C,T1166645C,C[T>C]G,SRR6241716_1
T970C,T1219243C,G[T>C]C,SRR6241716_1
C1209T,C1574649T,A[C>T]G,SRR6241716_1
C1302T,C1678758T,C[C>T]T,SRR6241716_1
C1408T,C1831923T,T[C>T]T,SRR6241716_1
C1672T,C2238472T,C[C>T]T,SRR6241716_1
T1757C,T2362361C,G[T>C]G,SRR6241716_1
T1857C,T2517282C,A[T>C]T,SRR6241716_1
C1891T,C2553774T,A[C>T]T,SRR6241716_1
C1892A,C2554252A,T[C>A]G,SRR6241716_1
C2001T,C2738900T,C[C>T]T,SRR6241716_1
C2065T,C2867642T,C[C>T]C,SRR6241716_1
C2150A,C2998179A,A[C>A]G,SRR6241716_1
C2268T,C3150703T,G[C>T]C,SRR6241716_1
C2347T,C3243595T,G[C>T]G,SRR6241716_1
C2384A,C3259018A,A[C>A]A,SRR6241716_1
T339C,T338722C,T[T>C]G,NODE_0000111
T717C,T780223C,G[T>C]G,NODE_0000111
C1151A,C1512218A,A[C>A]C,NODE_0000111
C799G,C934281G,G[C>G]A,SRR6241823_1
C1319T,C1705816T,C[C>T]G,SRR6241823_1
C1465A,C1930413A,G[C>A]A,SRR6241823_1
C1655T,C2214645T,G[C>T]G,SRR6241823_1
C1808T,C2433268T,G[C>T]G,SRR6241823_1
T1904G,T2572529G,T[T>G]C,SRR6241823_1
C2055T,C2854570T,C[C>T]A,SRR6241823_1
T2325A,T3226274A,G[T>A]A,SRR6241823_1
C2376T,C3257133T,C[C>T]T,SRR6241823_1
C695T,C752055T,G[C>T]A,SRR6241711_1
C796G,C928633G,G[C>G]C,SRR6241711_1
C1000T,C1256198T,C[C>T]G,SRR6241711_1
C1529T,C2034022T,C[C>T]A,SRR6241711_1
T1675C,T2239127C,C[T>C]T,SRR6241711_1
C1867T,C2530222T,T[C>T]A,SRR6241711_1
C1889A,C2552747A,T[C>A]G,SRR6241711_1
C2385A,C3259494A,G[C>A]G,SRR6241711_1
C2392T,C3261824T,C[C>T]C,SRR6241711_1
T1251C,T1605956C,A[T>C]T,NODE_0000112
T1277G,T1642875G,C[T>G]T,NODE_0000112
C1824T,C2459766T,T[C>T]C,NODE_0000112
C42T,C13916T,G[C>T]A,SRR6241802_1
C146T,C66768T,A[C>T]G,SRR6241802_1
C218T,C161398T,G[C>T]T,SRR6241802_1
C221T,C163438T,G[C>T]C,SRR6241802_1
T262G,T228773G,C[T>G]C,SRR6241802_1
C263T,C233483T,G[C>T]G,SRR6241802_1
C308T,C293012T,C[C>T]G,SRR6241802_1
T421A,T440939A,C[T>A]G,SRR6241802_1
C444T,C480629T,T[C>T]T,SRR6241802_1
C581G,C594977G,T[C>G]A,SRR6241802_1
C594G,C616172G,G[C>G]G,SRR6241802_1
C639T,C669636T,G[C>T]C,SRR6241802_1
C645T,C679833T,G[C>T]A,SRR6241802_1
C684A,C734092A,A[C>A]G,SRR6241802_1
C718A,C784260A,G[C>A]G,SRR6241802_1
C850T,C1039576T,G[C>T]T,SRR6241802_1
C880A,C1105763A,T[C>A]C,SRR6241802_1
C1017T,C1282892T,C[C>T]A,SRR6241802_1
C1040T,C1332100T,T[C>T]T,SRR6241802_1
C1137T,C1487737T,A[C>T]T,SRR6241802_1
C1546A,C2065488A,T[C>A]G,SRR6241802_1
C1773T,C2384195T,A[C>T]G,SRR6241802_1
C1828T,C2463848T,A[C>T]T,SRR6241802_1
C1852T,C2510853T,T[C>T]C,SRR6241802_1
C2226T,C3096477T,G[C>T]C,SRR6241802_1
C2313A,C3216212A,T[C>A]C,SRR6241802_1
C2318T,C3220147T,T[C>T]G,SRR6241802_1
C2397T,C3264361T,A[C>T]T,SRR6241802_1
C21T,C8453T,C[C>T]T,NODE_0000114
C137T,C61425T,A[C>T]G,NODE_0000114
C313T,C298572T,C[C>T]A,NODE_0000114
C322T,C313361T,C[C>T]A,NODE_0000114
C347T,C347385T,G[C>T]C,NODE_0000114
C373G,C383599G,T[C>G]G,NODE_0000114
C445T,C481476T,C[C>T]A,NODE_0000114
C448T,C485138T,C[C>T]G,NODE_0000114
C457A,C494674A,A[C>A]C,NODE_0000114
C476T,C508481T,G[C>T]A,NODE_0000114
C660T,C694090T,G[C>T]G,NODE_0000114
C751T,C840584T,C[C>T]A,NODE_0000114
C779T,C890453T,G[C>T]G,NODE_0000114
C787G,C904824G,T[C>G]C,NODE_0000114
C872T,C1087397T,G[C>T]G,NODE_0000114
C905T,C1143423T,G[C>T]A,NODE_0000114
C912A,C1155582A,T[C>A]G,NODE_0000114
C974T,C1220708T,A[C>T]G,NODE_0000114
C1001T,C1257185T,T[C>T]T,NODE_0000114
C1036G,C1324009G,T[C>G]A,NODE_0000114
C1051T,C1348426T,C[C>T]C,NODE_0000114
C1087T,C1407885T,A[C>T]C,NODE_0000114
C1213A,C1579109A,A[C>A]A,NODE_0000114
C1256T,C1614069T,G[C>T]G,NODE_0000114
C1279T,C1643162T,G[C>T]T,NODE_0000114
T1574C,T2114696C,A[T>C]C,NODE_0000114
C1629G,C2174865G,C[C>G]A,NODE_0000114
C1890A,C2553176A,T[C>A]G,NODE_0000114
C1973A,C2706236A,A[C>A]G,NODE_0000114
C2038T,C2818521T,C[C>T]T,NODE_0000114
C2166T,C3016175T,C[C>T]A,NODE_0000114
T27C,T9869C,A[T>C]T,NODE_0000115
T141G,T62401G,G[T>G]T,NODE_0000115
C976T,C1225206T,G[C>T]G,NODE_0000115
T1473G,T1941699G,T[T>G]C,NODE_0000115
T2251C,T3120966C,G[T>C]A,NODE_0000115
T11G,T5869G,G[T>G]G,SRR6241799
C194A,C127726A,C[C>A]C,SRR6241799
C197T,C132582T,C[C>T]C,SRR6241799
T326A,T323364A,T[T>A]C,SRR6241799
C503T,C510492T,T[C>T]A,SRR6241799
C953T,C1205921T,G[C>T]C,SRR6241799
C997T,C1254751T,G[C>T]G,SRR6241799
C1292A,C1663586A,A[C>A]C,SRR6241799
C1584A,C2116669A,G[C>A]T,SRR6241799
C1736T,C2328525T,C[C>T]G,SRR6241799
C1743G,C2339217G,G[C>G]G,SRR6241799
C1927T,C2616930T,A[C>T]A,SRR6241799
C1994T,C2731478T,A[C>T]C,SRR6241799
C2163G,C3012247G,G[C>G]A,SRR6241799
C251G,C215690G,C[C>G]G,SRR6241770
C1014G,C1278428G,C[C>G]A,SRR6241770
C1064G,C1374169G,T[C>G]A,SRR6241770
C1320T,C1705881T,C[C>T]T,SRR6241770
C1396A,C1823649A,G[C>A]G,SRR6241770
C1650A,C2207245A,A[C>A]G,SRR6241770
C2080A,C2891869A,A[C>A]C,SRR6241770
C2180T,C3029333T,G[C>T]A,SRR6241770
C2361T,C3250819T,G[C>T]A,SRR6241770
C125T,C51988T,A[C>T]G,SRR6241780
C193T,C127309T,T[C>T]G,SRR6241780
C504G,C510512G,A[C>G]C,SRR6241780
C626G,C647055G,C[C>G]A,SRR6241780
C633T,C660318T,A[C>T]C,SRR6241780
C649T,C687065T,G[C>T]C,SRR6241780
T755C,T848291C,T[T>C]G,SRR6241780
T764A,T865864A,G[T>A]C,SRR6241780
C996T,C1253243T,G[C>T]T,SRR6241780
C1070G,C1377420G,T[C>G]G,SRR6241780
C1497A,C1986084A,A[C>A]A,SRR6241780
T1662C,T2219757C,A[T>C]G,SRR6241780
C1682T,C2265716T,G[C>T]C,SRR6241780
C1875A,C2536962A,T[C>A]G,SRR6241780
T2323A,T3225435A,C[T>A]G,SRR6241780
T2405C,T3266977C,A[T>C]G,SRR6241780
C126T,C52851T,C[C>T]G,AL450380.1
T138C,T61530C,T[T>C]G,AL450380.1
C155T,C77864T,G[C>T]G,AL450380.1
C286A,C264501A,G[C>A]T,AL450380.1
C492G,C509325G,T[C>G]A,AL450380.1
C528T,C533403T,A[C>T]A,AL450380.1
C630G,C657736G,G[C>G]G,AL450380.1
T980G,T1227631G,G[T>G]G,AL450380.1
C1005A,C1265267A,A[C>A]C,AL450380.1
C1054G,C1351149G,G[C>G]G,AL450380.1
C1169T,C1529088T,C[C>T]G,AL450380.1
C1265A,C1625045A,G[C>A]G,AL450380.1
C1301G,C1677493G,C[C>G]G,AL450380.1
C1313G,C1701590G,G[C>G]C,AL450380.1
T1414G,T1843283G,G[T>G]T,AL450380.1
C1534T,C2043287T,C[C>T]T,AL450380.1
C1566G,C2100523G,G[C>G]C,AL450380.1
C1567T,C2104127T,G[C>T]A,AL450380.1
C1617A,C2155013A,G[C>A]T,AL450380.1
C2128T,C2964999T,G[C>T]T,AL450380.1
C2144T,C2990150T,T[C>T]G,AL450380.1
C2280A,C3175296A,A[C>A]G,AL450380.1
T76A,T19909A,C[T>A]C,SRR020800
T254G,T219331G,A[T>G]A,SRR020800
C557T,C574185T,T[C>T]A,SRR020800
C657G,C693001G,G[C>G]G,SRR020800
C710T,C774289T,A[C>T]A,SRR020800
T842C,T1020171C,A[T>C]C,SRR020800
T904C,T1143336C,G[T>C]T,SRR020800
C985T,C1233600T,A[C>T]A,SRR020800
C1155T,C1513780T,G[C>T]G,SRR020800
T1272A,T1636534A,C[T>A]T,SRR020800
C1391T,C1823140T,G[C>T]C,SRR020800
C1425T,C1862548T,T[C>T]T,SRR020800
C1428A,C1866972A,C[C>A]C,SRR020800
T1576C,T2115264C,G[T>C]G,SRR020800
C1735T,C2326714T,G[C>T]A,SRR020800
C1763T,C2370349T,A[C>T]G,SRR020800
C1821A,C2451917A,G[C>A]G,SRR020800
C2053T,C2851461T,G[C>T]T,SRR020800
C2332T,C3235177T,G[C>T]G,SRR020800
T617C,T639580C,T[T>C]C,NODE_0000118
C2167A,C3016895A,A[C>A]C,NODE_0000118
C2394T,C3262657T,G[C>T]A,NODE_0000118
C19T,C8237T,T[C>T]G,NODE_0000119
C28T,C10248T,G[C>T]C,NODE_0000119
C75T,C19848T,G[C>T]C,NODE_0000119
C334T,C334180T,T[C>T]C,NODE_0000119
C815T,C968005T,T[C>T]G,NODE_0000119
T989C,T1239117C,G[T>C]C,NODE_0000119
C1010T,C1275373T,G[C>T]C,NODE_0000119
C1076T,C1388745T,T[C>T]G,NODE_0000119
C1361T,C1782198T,T[C>T]G,NODE_0000119
T1622C,T2166535C,G[T>C]T,NODE_0000119
T2317C,T3220028C,A[T>C]C,NODE_0000119
C41T,C13908T,C[C>T]A,SRR6241746_1
C49T,C14574T,C[C>T]C,SRR6241746_1
T501C,T509647C,G[T>C]T,SRR6241746_1
C699T,C757001T,T[C>T]A,SRR6241746_1
C851T,C1040904T,T[C>T]G,SRR6241746_1
C1056T,C1352731T,A[C>T]C,SRR6241746_1
C1156A,C1514160A,C[C>A]A,SRR6241746_1
C1161T,C1523534T,T[C>T]A,SRR6241746_1
C1205T,C1569201T,T[C>T]G,SRR6241746_1
C1263T,C1619071T,G[C>T]T,SRR6241746_1
C1295T,C1666251T,T[C>T]G,SRR6241746_1
C1347T,C1747415T,G[C>T]T,SRR6241746_1
C1442A,C1896223A,A[C>A]G,SRR6241746_1
C1525T,C2030097T,G[C>T]G,SRR6241746_1
C1709T,C2289728T,G[C>T]G,SRR6241746_1
T1722C,T2315582C,A[T>C]C,SRR6241746_1
C1733A,C2322490A,T[C>A]G,SRR6241746_1
C1800T,C2422007T,C[C>T]G,SRR6241746_1
C1923T,C2597711T,G[C>T]A,SRR6241746_1
C1952T,C2660408T,G[C>T]A,SRR6241746_1
C2010T,C2760404T,A[C>T]G,SRR6241746_1
T2013C,T2775723C,C[T>C]G,SRR6241746_1
C2026T,C2804885T,A[C>T]G,SRR6241746_1
C2033T,C2814758T,C[C>T]T,SRR6241746_1
C2050T,C2844968T,G[C>T]C,SRR6241746_1
C2085A,C2899577A,A[C>A]C,SRR6241746_1
T2109C,T2930072C,G[T>C]T,SRR6241746_1
C2191T,C3040868T,C[C>T]G,SRR6241746_1
T2285C,T3182112C,G[T>C]G,SRR6241746_1
C2291T,C3190542T,A[C>T]A,SRR6241746_1
C36G,C13343G,T[C>G]G,SRR6241813_1
C226T,C169356T,C[C>T]C,SRR6241813_1
C266T,C239494T,T[C>T]G,SRR6241813_1
C316T,C305585T,C[C>T]C,SRR6241813_1
T402C,T424382C,G[T>C]T,SRR6241813_1
C571T,C586168T,G[C>T]T,SRR6241813_1
C987T,C1235403T,C[C>T]C,SRR6241813_1
T1038C,T1326594C,G[T>C]T,SRR6241813_1
T1045A,T1345687A,A[T>A]G,SRR6241813_1
C1046T,C1345732T,G[C>T]A,SRR6241813_1
T1047C,T1345785C,T[T>C]A,SRR6241813_1
C1470T,C1936664T,G[C>T]G,SRR6241813_1
C1541A,C2058556A,T[C>A]G,SRR6241813_1
C1729T,C2319554T,A[C>T]T,SRR6241813_1
C1777A,C2389287A,A[C>A]A,SRR6241813_1
C1924A,C2597813A,C[C>A]T,SRR6241813_1
C1951T,C2660342T,C[C>T]T,SRR6241813_1
C2037T,C2818497T,T[C>T]A,SRR6241813_1
C2198A,C3051065A,G[C>A]C,SRR6241813_1
C2201T,C3054954T,G[C>T]C,SRR6241813_1
C2217A,C3080694A,C[C>A]G,SRR6241813_1
C2223T,C3090906T,A[C>T]T,SRR6241813_1
C2346T,C3243416T,T[C>T]C,SRR6241813_1
T2351C,T3244382C,A[T>C]G,SRR6241813_1
C453A,C492614A,G[C>A]A,NODE_0000120
C806G,C953582G,C[C>G]G,NODE_0000120
T1044C,T1343119C,A[T>C]G,NODE_0000120
C1623G,C2166647G,G[C>G]G,NODE_0000120
C1632T,C2181587T,G[C>T]G,NODE_0000120
C1633T,C2181893T,T[C>T]G,NODE_0000120
C1832T,C2468622T,C[C>T]C,NODE_0000120
T2210G,T3070616G,A[T>G]A,NODE_0000120
C2407T,C3267618T,A[C>T]C,NODE_0000120
C887T,C1120609T,G[C>T]C,NODE_0000121
T148C,T73115C,T[T>C]G,SRR6241754
C188T,C119227T,G[C>T]T,SRR6241754
C248T,C210429T,T[C>T]G,SRR6241754
C265A,C237902A,A[C>A]G,SRR6241754
C451A,C490699A,A[C>A]T,SRR6241754
C576A,C588160A,T[C>A]A,SRR6241754
C681A,C730687A,A[C>A]G,SRR6241754
C763A,C863532A,T[C>A]T,SRR6241754
C807T,C953590T,C[C>T]C,SRR6241754
C960A,C1207654A,C[C>A]C,SRR6241754
T1007C,T1270425C,G[T>C]T,SRR6241754
T1032C,T1315919C,G[T>C]T,SRR6241754
C1066G,C1374547G,G[C>G]C,SRR6241754
C1364G,C1787551G,T[C>G]G,SRR6241754
C1431G,C1872033G,C[C>G]G,SRR6241754
C1485T,C1963836T,G[C>T]A,SRR6241754
C1573T,C2112830T,C[C>T]C,SRR6241754
C1636T,C2183936T,G[C>T]A,SRR6241754
C1829T,C2464064T,G[C>T]A,SRR6241754
C1905A,C2573449A,G[C>A]C,SRR6241754
C1921T,C2594098T,G[C>T]C,SRR6241754
C1957G,C2667677G,G[C>G]A,SRR6241754
C2035A,C2815676A,A[C>A]C,SRR6241754
C2103T,C2926565T,G[C>T]C,SRR6241754
C2169T,C3019188T,C[C>T]G,SRR6241754
C2173T,C3023991T,G[C>T]A,SRR6241754
C2229T,C3097403T,G[C>T]T,SRR6241754
C2264T,C3142179T,C[C>T]T,SRR6241754
T2283C,T3180137C,C[T>C]C,SRR6241754
C2364G,C3254219G,G[C>G]C,SRR6241754
C2400G,C3265026G,T[C>G]A,SRR6241754
C443T,C477016T,C[C>T]A,NODE_0000122
C578T,C593138T,C[C>T]A,NODE_0000122
C776T,C888972T,C[C>T]G,NODE_0000122
T794C,T924598C,T[T>C]C,NODE_0000122
C977A,C1225568A,G[C>A]G,NODE_0000122
C1106T,C1442144T,G[C>T]C,NODE_0000122
C1127T,C1475671T,G[C>T]A,NODE_0000122
C1129T,C1481100T,C[C>T]G,NODE_0000122
T1388G,T1822906G,A[T>G]T,NODE_0000122
C1495T,C1977878T,G[C>T]C,NODE_0000122
C1609T,C2135230T,T[C>T]G,NODE_0000122
C1778G,C2395657G,T[C>G]G,NODE_0000122
C1790G,C2408447G,A[C>G]C,NODE_0000122
C1983A,C2717888A,T[C>A]A,NODE_0000122
C2070A,C2878040A,G[C>A]A,NODE_0000122
C2204T,C3057161T,C[C>T]G,NODE_0000122
T2243C,T3109982C,A[T>C]C,NODE_0000122
C2300T,C3201250T,G[C>T]G,NODE_0000122
C10A,C5066A,C[C>A]T,SRR1132821
C309T,C296853T,A[C>T]C,SRR1132821
C321T,C310911T,T[C>T]A,SRR1132821
C356G,C361545G,A[C>G]C,SRR1132821
T398G,T417000G,C[T>G]T,SRR1132821
C408T,C430198T,G[C>T]G,SRR1132821
C472T,C506336T,G[C>T]G,SRR1132821
C488T,C509065T,G[C>T]C,SRR1132821
C615T,C638512T,C[C>T]G,SRR1132821
C772T,C878760T,G[C>T]T,SRR1132821
C861T,C1069840T,C[C>T]G,SRR1132821
T1175C,T1532135C,G[T>C]G,SRR1132821
C1262A,C1619055A,C[C>A]G,SRR1132821
C1317T,C1704410T,A[C>T]T,SRR1132821
C1332T,C1723598T,T[C>T]T,SRR1132821
C1367A,C1792555A,A[C>A]C,SRR1132821
C1453T,C1920611T,T[C>T]G,SRR1132821
C1468T,C1933895T,T[C>T]G,SRR1132821
C1521T,C2020721T,G[C>T]C,SRR1132821
C1999T,C2736012T,G[C>T]G,SRR1132821
T2004C,T2740755C,T[T>C]T,SRR1132821
C2135T,C2977226T,A[C>T]G,SRR1132821
T2136A,T2977229A,G[T>A]T,SRR1132821
C2225G,C3096072G,G[C>G]C,SRR1132821
C2247T,C3113891T,T[C>T]G,SRR1132821
C2304T,C3209198T,G[C>T]G,SRR1132821
C60T,C16461T,T[C>T]G,SRR6241769
C107T,C38081T,G[C>T]A,SRR6241769
C156T,C80693T,C[C>T]G,SRR6241769
C181G,C112265G,G[C>G]T,SRR6241769
C540G,C548067G,G[C>G]G,SRR6241769
C559T,C575459T,A[C>T]G,SRR6241769
T952G,T1205699G,A[T>G]G,SRR6241769
C1020T,C1290256T,G[C>T]A,SRR6241769
C1201T,C1563310T,G[C>T]T,SRR6241769
C1535T,C2044448T,C[C>T]G,SRR6241769
T2060G,T2860248G,A[T>G]C,SRR6241769
T2151C,T2998686C,T[T>C]G,SRR6241769
C292A,C270296A,A[C>A]C,NODE_0000123
C894A,C1132070A,G[C>A]A,NODE_0000123
C2029T,C2807979T,A[C>T]C,NODE_0000123
C97T,C29107T,T[C>T]A,SRR6241753
C117T,C45472T,C[C>T]T,SRR6241753
T382C,T397812C,T[T>C]A,SRR6241753
C396A,C415248A,G[C>A]C,SRR6241753
C404A,C425077A,T[C>A]A,SRR6241753
T415C,T434899C,T[T>C]C,SRR6241753
C507T,C512499T,T[C>T]C,SRR6241753
C510T,C519400T,A[C>T]A,SRR6241753
C586T,C601801T,C[C>T]G,SRR6241753
C709A,C772832A,C[C>A]A,SRR6241753
C789T,C909176T,C[C>T]A,SRR6241753
C793T,C923839T,T[C>T]C,SRR6241753
T859C,T1067080C,A[T>C]G,SRR6241753
C902T,C1139781T,G[C>T]G,SRR6241753
C986T,C1235396T,T[C>T]C,SRR6241753
T1024C,T1295083C,A[T>C]A,SRR6241753
T1117C,T1451503C,A[T>C]C,SRR6241753
C1142A,C1496564A,A[C>A]A,SRR6241753
C1258T,C1616690T,G[C>T]G,SRR6241753
C1312T,C1699548T,G[C>T]T,SRR6241753
C1316T,C1703568T,G[C>T]C,SRR6241753
C1366T,C1788943T,C[C>T]A,SRR6241753
C1527A,C2031830A,G[C>A]T,SRR6241753
C1558G,C2089181G,G[C>G]G,SRR6241753
C1580G,C2116040G,A[C>G]G,SRR6241753
C1618T,C2157242T,G[C>T]G,SRR6241753
C1647A,C2206639A,T[C>A]G,SRR6241753
C1708T,C2288705T,C[C>T]G,SRR6241753
C1809A,C2436784A,C[C>A]C,SRR6241753
C1811A,C2439366A,A[C>A]C,SRR6241753
C1855T,C2514213T,C[C>T]C,SRR6241753
C1863A,C2521778A,G[C>A]G,SRR6241753
C1985A,C2720482A,C[C>A]A,SRR6241753
T2193C,T3044265C,C[T>C]G,SRR6241753
C2200A,C3054016A,T[C>A]G,SRR6241753
C2261T,C3137320T,G[C>T]G,SRR6241753
C2308A,C3211162A,G[C>A]C,SRR6241753
C2331T,C3234517T,C[C>T]C,SRR6241753
T2334C,T3235880C,A[T>C]A,SRR6241753
C85T,C22909T,C[C>T]G,NODE_0000124
T144C,T65867C,T[T>C]C,NODE_0000124
C325A,C322728A,G[C>A]T,NODE_0000124
C465T,C502630T,G[C>T]T,NODE_0000124
C541T,C548537T,T[C>T]G,NODE_0000124
C605A,C628667A,C[C>A]C,NODE_0000124
C740T,C822703T,G[C>T]T,NODE_0000124
C822T,C978085T,G[C>T]T,NODE_0000124
C1153T,C1513284T,A[C>T]G,NODE_0000124
C1264T,C1624427T,G[C>T]T,NODE_0000124
C1338A,C1731359A,C[C>A]G,NODE_0000124
C1420T,C1854466T,G[C>T]G,NODE_0000124
T1480G,T1950291G,A[T>G]C,NODE_0000124
T1494C,T1977147C,A[T>C]A,NODE_0000124
C2125T,C2957971T,G[C>T]T,NODE_0000124
C2162T,C3011418T,G[C>T]G,NODE_0000124
C2324T,C3225640T,G[C>T]G,NODE_0000124
T2333C,T3235179C,G[T>C]G,NODE_0000124
C2357T,C3248199T,T[C>T]A,NODE_0000124
C2367T,C3254880T,T[C>T]C,NODE_0000124
C57T,C15970T,T[C>T]C,SRR6241772_1
C333T,C332839T,G[C>T]C,SRR6241772_1
T414C,T434676C,A[T>C]A,SRR6241772_1
T651C,T687105C,C[T>C]C,SRR6241772_1
C783T,C891999T,C[C>T]G,SRR6241772_1
C1204A,C1567904A,A[C>A]C,SRR6241772_1
C134T,C60699T,T[C>T]A,SRR6241805_1
C1128A,C1477620A,T[C>A]T,SRR6241805_1
C1206T,C1571622T,G[C>T]A,SRR6241805_1
C1614T,C2148356T,A[C>T]T,SRR6241805_1
T1659C,T2218521C,T[T>C]C,SRR6241805_1
C1854A,C2513400A,G[C>A]G,SRR6241805_1
C1974T,C2707478T,T[C>T]G,SRR6241805_1
C2091T,C2910071T,A[C>T]G,SRR6241805_1
C2219G,C3085193G,G[C>G]A,SRR6241805_1
C40A,C13808A,G[C>A]G,SRR847084
C131T,C58631T,G[C>T]G,SRR847084
C175G,C104592G,G[C>G]G,SRR847084
C253A,C217051A,T[C>A]A,SRR847084
C792G,C913565G,A[C>G]A,SRR847084
C927A,C1169227A,A[C>A]T,SRR847084
C1090G,C1413376G,A[C>G]A,SRR847084
C1183T,C1548338T,G[C>T]G,SRR847084
C1415T,C1843649T,G[C>T]T,SRR847084
C1621G,C2165927G,G[C>G]C,SRR847084
C1939T,C2640295T,C[C>T]G,SRR847084
C1940G,C2641194G,C[C>G]C,SRR847084
C2295T,C3191638T,A[C>T]A,SRR847084
